idx,root_id,primary_type,additional_type,super_class,role
0,720575940600433181,JO-B,,sensory,input_wind
1,720575940602380768,CB1538,,central,interneuron
2,720575940602483424,LC31b,LC31,visual_projection,interneuron
3,720575940602879404,CB1066,,central,interneuron
4,720575940602891232,CB1638,,central,interneuron
5,720575940603533246,CB3877,WV-WV-3,central,interneuron
6,720575940603636913,SAD052,B1-3,central,interneuron
7,720575940603637438,LC4,,visual_projection,interneuron
8,720575940603804350,PLP018,,central,interneuron
9,720575940603903264,CB1622,,central,interneuron
10,720575940603930046,CB1125,aSP18,central,interneuron
11,720575940603942828,PVLP112a,"PVLP112, pIP7",central,interneuron
12,720575940603989420,LPLC2,,visual_projection,input_vision
13,720575940604054188,JO-B,,sensory,input_wind
14,720575940604088288,AVLP016,,central,interneuron
15,720575940604103084,DNp33,SAD095,descending,interneuron
16,720575940604201830,CB3875,WV-WV-3,central,interneuron
17,720575940604274622,JO-B,,sensory,input_wind
18,720575940604285356,CB3513b,,central,interneuron
19,720575940604364134,AMMC028,,central,interneuron
20,720575940604470240,CB0626,hb5813083315,central,interneuron
21,720575940604531229,JO-B,,sensory,input_wind
22,720575940604609056,LPLC4,,visual_projection,interneuron
23,720575940604653484,CB0466,,central,interneuron
24,720575940604745346,CB1145,,central,interneuron
25,720575940604783136,DNg56,,descending,output
26,720575940604805036,JO-B,,sensory,input_wind
27,720575940604814526,WED070,,central,interneuron
28,720575940604839200,CB1078,"B1-2, aPN1",central,interneuron
29,720575940604954289,DNp04,,descending,output
30,720575940604988332,JO-B,,sensory,input_wind
31,720575940605095346,CB3915,WV-WV-2,central,interneuron
32,720575940605209521,JO-B,,sensory,input_wind
33,720575940605214636,CB3876,WV-WV-3,central,interneuron
34,720575940605219500,JO-B,,sensory,input_wind
35,720575940605238188,JO-B,,sensory,input_wind
36,720575940605277798,CB3922,,central,interneuron
37,720575940605298121,CB0979,,central,interneuron
38,720575940605308082,SAD021_c,,central,interneuron
39,720575940605598892,LC4,,visual_projection,interneuron
40,720575940605622118,JO-B,,sensory,input_wind
41,720575940605627424,JO-C,,sensory,input_wind
42,720575940605755424,JO-B,,sensory,input_wind
43,720575940605825666,LPLC2,,visual_projection,input_vision
44,720575940605829065,LTe65,PS179,visual_projection,interneuron
45,720575940605937097,PVLP027,,central,interneuron
46,720575940606010569,CB1425,B1-3,central,interneuron
47,720575940606126438,LPLC2,,visual_projection,input_vision
48,720575940606149321,AVLP076,,central,interneuron
49,720575940606179686,DNpe021,CL307,descending,output
50,720575940606217138,LPLC2,,visual_projection,input_vision
51,720575940606218528,CB0563,,central,interneuron
52,720575940606332629,CB1078,"B1-1, aPN1",central,interneuron
53,720575940606336213,CB2664,B1-4,central,interneuron
54,720575940606541065,LPC1,,visual_projection,interneuron
55,720575940606619081,JO-B,,sensory,input_wind
56,720575940606651936,PVLP123a,PVLP123,central,interneuron
57,720575940606693297,PVLP124,,central,interneuron
58,720575940606743170,SAD021_c,,central,interneuron
59,720575940606748006,LPC1,,visual_projection,interneuron
60,720575940606850761,JO-B,,sensory,input_wind
61,720575940606855554,LPLC2,,visual_projection,input_vision
62,720575940606871497,JO-B,,sensory,input_wind
63,720575940606872777,JO-B,,sensory,input_wind
64,720575940606926466,SAD016,,central,interneuron
65,720575940606938313,JO-B,,sensory,input_wind
66,720575940607088514,JO-B,,sensory,input_wind
67,720575940607188036,CB1078,"B1-1, aPN1",central,interneuron
68,720575940607244978,CB3486,,central,interneuron
69,720575940607378633,DNpe039,CL306,descending,output
70,720575940607541187,CB3063,,central,interneuron
71,720575940607614475,CL022,,central,interneuron
72,720575940607619273,CB2501,,central,interneuron
73,720575940607683011,LPLC2,,visual_projection,input_vision
74,720575940607761244,DNg29,,descending,output
75,720575940607765259,JO-C,,sensory,input_wind
76,720575940607800242,LC31b,LC31,visual_projection,interneuron
77,720575940607825621,LPLC4,,visual_projection,interneuron
78,720575940607827392,JO-B,,sensory,input_wind
79,720575940607845250,LPLC2,,visual_projection,input_vision
80,720575940607854531,LPLC2,,visual_projection,input_vision
81,720575940607881152,JO-B,,sensory,input_wind
82,720575940607915698,LC14a1,LC14,optic,interneuron
83,720575940607944384,JO-B,,sensory,input_wind
84,720575940607947456,JO-B,,sensory,input_wind
85,720575940607948224,JO-B,,sensory,input_wind
86,720575940607970313,CB2824,,central,interneuron
87,720575940608010453,LPC1,,visual_projection,interneuron
88,720575940608035374,CB2556,B1,central,interneuron
89,720575940608083780,CL323a,CL323,central,interneuron
90,720575940608088259,LPLC2,,visual_projection,input_vision
91,720575940608112137,JO-B,,sensory,input_wind
92,720575940608120587,PVLP122b,PVLP122,central,interneuron
93,720575940608188427,DNge037,,descending,output
94,720575940608370012,CB1969,,central,interneuron
95,720575940608431625,PVLP028,,central,interneuron
96,720575940608444355,LPLC4,,visual_projection,interneuron
97,720575940608483164,JO-B,,sensory,input_wind
98,720575940608524224,JO-B,,sensory,input_wind
99,720575940608545219,AVLP080,,central,interneuron
100,720575940608661955,LT51,aSP29b,visual_projection,interneuron
101,720575940608788088,CB3404,,central,interneuron
102,720575940608809006,CB1395,"AVLP480, PVLP110",central,interneuron
103,720575940608845124,LPLC4,,visual_projection,interneuron
104,720575940608875531,LPLC2,,visual_projection,input_vision
105,720575940608875703,JO-B,,sensory,input_wind
106,720575940608876471,JO-B,,sensory,input_wind
107,720575940608893623,JO-B,,sensory,input_wind
108,720575940608909269,CB0214,,central,interneuron
109,720575940608975371,JO-A,,sensory,interneuron
110,720575940609063236,LPLC4,,visual_projection,interneuron
111,720575940609076693,CB1280,B1-4,central,interneuron
112,720575940609084206,CB3741,,central,interneuron
113,720575940609180718,LC14a1,LC14,optic,interneuron
114,720575940609268491,SAD064,,central,interneuron
115,720575940609289284,JO-B,,sensory,input_wind
116,720575940609376707,DNge048,,descending,output
117,720575940609513841,CB4045,WV-WV-3,central,interneuron
118,720575940609522382,CB2664,B1-4,central,interneuron
119,720575940609527069,JO-B,,sensory,input_wind
120,720575940609592674,LPLC2,,visual_projection,input_vision
121,720575940609648395,CB2556,B1,central,interneuron
122,720575940609673369,B1-4,,central,interneuron
123,720575940609675785,LPLC4,,visual_projection,interneuron
124,720575940609691075,JO-A,,sensory,interneuron
125,720575940609816014,JO-B,,sensory,input_wind
126,720575940609832410,CB3588,B1-5,central,interneuron
127,720575940609934365,JO-B,,sensory,input_wind
128,720575940609944418,CB1098,,central,interneuron
129,720575940610028868,JO-B,,sensory,input_wind
130,720575940610063918,CB3707,SAD073,central,interneuron
131,720575940610077026,CB1542,"B1-2, aPN1",central,interneuron
132,720575940610091955,DNge113,,descending,interneuron
133,720575940610116581,CB0033,IPS_pr02,central,interneuron
134,720575940610116757,LPLC2,,visual_projection,input_vision
135,720575940610199781,DNp102,PS212,descending,output
136,720575940610215032,CB1143,,central,interneuron
137,720575940610226645,LPLC2,,visual_projection,input_vision
138,720575940610256370,CB1236,AVLP176_d,central,interneuron
139,720575940610313570,PVLP070,,central,interneuron
140,720575940610341525,JO-B,,sensory,input_wind
141,720575940610358990,CB1078,"B1-2, aPN1",central,interneuron
142,720575940610382546,LPLC4,,visual_projection,interneuron
143,720575940610423235,CB1138,,central,interneuron
144,720575940610432120,LPLC4,,visual_projection,interneuron
145,720575940610472146,DNp23,,descending,output
146,720575940610505006,DNp103,PVLP119,descending,output
147,720575940610514073,AN_AVLP_GNG_21,,ascending,interneuron
148,720575940610522009,LC4,,visual_projection,interneuron
149,720575940610536290,LPLC2,,visual_projection,input_vision
150,720575940610595118,JO-B,,sensory,input_wind
151,720575940610605614,DNge119,,descending,output
152,720575940610605747,CB0027,,central,interneuron
153,720575940610621742,JO-B,,sensory,input_wind
154,720575940610638434,CB1078,aPN1,central,interneuron
155,720575940610674581,JO-B,,sensory,input_wind
156,720575940610681829,LPLC2,,visual_projection,input_vision
157,720575940610707780,Y3,,optic,interneuron
158,720575940610734449,LPLC4,,visual_projection,interneuron
159,720575940610738898,PS181,,central,interneuron
160,720575940610739666,JO-B,,sensory,input_wind
161,720575940610753656,JO-B,,sensory,input_wind
162,720575940610872014,DNge011,,descending,output
163,720575940610953651,LPLC2,,visual_projection,input_vision
164,720575940611000274,JO-B,,sensory,input_wind
165,720575940611008718,CB0810,,motor,output
166,720575940611015958,CL121_a,"CL121, aDT5a",central,interneuron
167,720575940611080922,PVLP139,,central,interneuron
168,720575940611091012,CB3513b,,central,interneuron
169,720575940611108676,DNge138,,descending,output
170,720575940611134833,LC4,,visual_projection,interneuron
171,720575940611154162,LPC1,,visual_projection,interneuron
172,720575940611154786,JO-B,,sensory,input_wind
173,720575940611172465,CL121_a,"CL121, aDT5a",central,interneuron
174,720575940611249635,SAD015,SAD018,central,interneuron
175,720575940611277293,CB1078,"B1-1, aPN1",central,interneuron
176,720575940611347123,PVLP130,,central,interneuron
177,720575940611352234,LPLC2,,visual_projection,input_vision
178,720575940611361486,LPC1,,visual_projection,interneuron
179,720575940611388141,CB3673,B1,central,interneuron
180,720575940611392986,JO-B,,sensory,input_wind
181,720575940611425498,LPLC4,,visual_projection,interneuron
182,720575940611474138,SAD015,SAD018,central,interneuron
183,720575940611499673,CB1920,,central,interneuron
184,720575940611506966,LPLC4,,visual_projection,interneuron
185,720575940611539865,PS005,,central,interneuron
186,720575940611553138,LPC1,,visual_projection,interneuron
187,720575940611567638,LPLC2,,visual_projection,input_vision
188,720575940611588835,SAD049,,central,interneuron
189,720575940611597298,CB0758,B2,central,interneuron
190,720575940611602552,PVLP122b,PVLP122,central,interneuron
191,720575940611604776,CB2023,,central,interneuron
192,720575940611610737,CB0534,,central,interneuron
193,720575940611622826,DNpe025,PVLP145,descending,output
194,720575940611644529,DNp06,,descending,output
195,720575940611674265,CB3245,,central,interneuron
196,720575940611740569,LPLC2,,visual_projection,input_vision
197,720575940611813842,DNge050,,descending,output
198,720575940611821334,LPLC2,,visual_projection,input_vision
199,720575940611864243,CB3710,B1-5,central,interneuron
200,720575940611904296,AN_multi_103,,ascending,interneuron
201,720575940611929202,AVLP040,,central,interneuron
202,720575940611961878,PVLP111,pIP7,central,interneuron
203,720575940611988391,CB2475,B1,central,interneuron
204,720575940612001489,AMMC-A1,A1,central,interneuron
205,720575940612016498,CB3486,,central,interneuron
206,720575940612029297,JO-B,,sensory,input_wind
207,720575940612045352,LPLC2,,visual_projection,input_vision
208,720575940612054425,CB0533,,central,interneuron
209,720575940612058543,DNge145,,descending,output
210,720575940612078511,SAD021_c,,central,interneuron
211,720575940612093351,LC4,,visual_projection,interneuron
212,720575940612096462,LPLC2,,visual_projection,input_vision
213,720575940612129962,JO-B,,sensory,input_wind
214,720575940612146174,CB1542,"B1-2, aPN1",central,interneuron
215,720575940612153086,CB3692,B1,central,interneuron
216,720575940612193682,CB3105,,central,interneuron
217,720575940612203482,DNp05,,descending,output
218,720575940612204949,LC14a1,LC14,optic,interneuron
219,720575940612217818,JO-C,,sensory,input_wind
220,720575940612235439,JO-B,,sensory,input_wind
221,720575940612254701,LPLC2,,visual_projection,input_vision
222,720575940612323025,LC4,,visual_projection,interneuron
223,720575940612338674,CB1969,,central,interneuron
224,720575940612355763,JO-B,,sensory,input_wind
225,720575940612380723,LC4,,visual_projection,interneuron
226,720575940612407581,JO-B,,sensory,input_wind
227,720575940612409885,JO-B,,sensory,input_wind
228,720575940612418483,JO-B,,sensory,input_wind
229,720575940612419763,JO-B,,sensory,input_wind
230,720575940612446744,JO-B,,sensory,input_wind
231,720575940612462307,LPLC2,,visual_projection,input_vision
232,720575940612488341,DNpe045,DNp23,descending,output
233,720575940612498129,LC4,,visual_projection,interneuron
234,720575940612518055,LC4,,visual_projection,interneuron
235,720575940612523571,CB1542,"B1-2, aPN1",central,interneuron
236,720575940612560680,LPLC2,,visual_projection,input_vision
237,720575940612580977,LC4,,visual_projection,interneuron
238,720575940612585577,JO-B,,sensory,input_wind
239,720575940612612094,PVLP151,,central,interneuron
240,720575940612615833,JO-B,,sensory,input_wind
241,720575940612647166,JO-B,,sensory,input_wind
242,720575940612710883,CB0563,,central,interneuron
243,720575940612752611,LT82,"LT82a, LT82b",visual_projection,interneuron
244,720575940612766691,LPLC2,,visual_projection,input_vision
245,720575940612819367,LTe65,PS273,visual_projection,interneuron
246,720575940612840982,VESa1_P02,hb1663021115,central,interneuron
247,720575940612874536,LPLC2,,visual_projection,input_vision
248,720575940612879010,CB1038,,central,interneuron
249,720575940612944382,LPLC2,,visual_projection,input_vision
250,720575940612956378,JO-B,,sensory,input_wind
251,720575940612968421,LC4,,visual_projection,interneuron
252,720575940612975085,CB3739,,central,interneuron
253,720575940612975853,CB1498,AVLP/PVLP_pr01,central,interneuron
254,720575940612994929,LPLC2,,visual_projection,input_vision
255,720575940613006590,JO-B,,sensory,input_wind
256,720575940613009558,CB0659,hb2099569065,central,interneuron
257,720575940613025331,PLP093,,central,interneuron
258,720575940613074602,LPC1,,visual_projection,interneuron
259,720575940613120618,CB2501,,central,interneuron
260,720575940613127314,JO-B,,sensory,input_wind
261,720575940613145258,LPLC2,,visual_projection,input_vision
262,720575940613191391,CB0344,,central,interneuron
263,720575940613219474,LPLC2,,visual_projection,input_vision
264,720575940613238418,LPLC4,,visual_projection,interneuron
265,720575940613256863,LC4,,visual_projection,interneuron
266,720575940613260959,LC4,,visual_projection,interneuron
267,720575940613311151,CB0090,B2,central,interneuron
268,720575940613380914,SAD053,B1-4,central,interneuron
269,720575940613408563,,,central,interneuron
270,720575940613422860,CB2789,B1,central,interneuron
271,720575940613436327,CL323b,CL323,central,interneuron
272,720575940613442070,SMP068,,central,interneuron
273,720575940613469545,JO-B,,sensory,input_wind
274,720575940613470947,LPLC2,,visual_projection,input_vision
275,720575940613491826,LPLC4,,visual_projection,interneuron
276,720575940613497395,AN_GNG_SAD_3,,ascending,interneuron
277,720575940613528616,CB3416,PVLP031,central,interneuron
278,720575940613603737,AN_multi_103,,ascending,interneuron
279,720575940613608685,LPLC4,,visual_projection,interneuron
280,720575940613609484,LC4,,visual_projection,interneuron
281,720575940613622014,JO-B,,sensory,input_wind
282,720575940613626521,CB0397,,central,interneuron
283,720575940613631973,LT61a,LT61,visual_projection,interneuron
284,720575940613638041,LC4,,visual_projection,interneuron
285,720575940613641915,JO-EDP,,sensory,interneuron
286,720575940613643122,LMa1,,optic,interneuron
287,720575940613696552,JO-B,,sensory,input_wind
288,720575940613708812,CB1816,,central,interneuron
289,720575940613763759,LPLC2,,visual_projection,input_vision
290,720575940613764817,CB1638,,central,interneuron
291,720575940613776962,JO-B,,sensory,input_wind
292,720575940613783038,JO-B,,sensory,input_wind
293,720575940613804906,LPLC2,,visual_projection,input_vision
294,720575940613821290,LPLC2,,visual_projection,input_vision
295,720575940613857130,LPC1,,visual_projection,interneuron
296,720575940613867938,AVLP370a,AVLP370,central,interneuron
297,720575940613924271,JO-B,,sensory,input_wind
298,720575940613934965,JO-B,,sensory,input_wind
299,720575940613940074,CB0143,,central,interneuron
300,720575940613954194,CB2162,,central,interneuron
301,720575940613956767,JO-B,,sensory,input_wind
302,720575940613984578,LPLC4,,visual_projection,interneuron
303,720575940614005958,CB1455,aSP18,central,interneuron
304,720575940614014614,JO-A,,sensory,interneuron
305,720575940614018060,CB0033,IPS_pr02,central,interneuron
306,720575940614026390,CB1948,,central,interneuron
307,720575940614058719,LPLC4,,visual_projection,interneuron
308,720575940614067167,LPLC2,,visual_projection,input_vision
309,720575940614087219,CB0534,,central,interneuron
310,720575940614137907,DNp104,CL324,descending,output
311,720575940614138577,AN_multi_8,,ascending,interneuron
312,720575940614165866,CB2501,,central,interneuron
313,720575940614167483,CB2034,aSP18,central,interneuron
314,720575940614205708,JO-B,,sensory,input_wind
315,720575940614207894,AVLP442,,central,interneuron
316,720575940614209576,LPLC4,,visual_projection,interneuron
317,720575940614279867,CB1143,,central,interneuron
318,720575940614280554,JO-A,,sensory,interneuron
319,720575940614310802,CB2664,B1-4,central,interneuron
320,720575940614311746,LTe18,,visual_projection,interneuron
321,720575940614314415,LMa1,,optic,interneuron
322,720575940614342038,DNge047,,descending,output
323,720575940614367338,AVLP339,,central,interneuron
324,720575940614373279,LPLC2,,visual_projection,input_vision
325,720575940614434302,CB1378,,central,interneuron
326,720575940614492397,PVLP151,,central,interneuron
327,720575940614526974,LPLC2,,visual_projection,input_vision
328,720575940614544582,JO-A,,sensory,interneuron
329,720575940614572742,LC4,,visual_projection,interneuron
330,720575940614581410,DNp59,CL247,descending,interneuron
331,720575940614582946,LC4,,visual_projection,interneuron
332,720575940614631079,LPLC2,,visual_projection,input_vision
333,720575940614633867,CB1280,B1-4,central,interneuron
334,720575940614643350,CB0517,,central,interneuron
335,720575940614644898,JO-B,,sensory,input_wind
336,720575940614660263,DNd03,,descending,output
337,720575940614675618,CB1969,,central,interneuron
338,720575940614710509,cML01,,visual_centrifugal,interneuron
339,720575940614738444,LPLC2,,visual_projection,input_vision
340,720575940614789900,LPC1,,visual_projection,interneuron
341,720575940614795410,JO-B,,sensory,input_wind
342,720575940614803266,JO-C,,sensory,input_wind
343,720575940614805983,JO-B,,sensory,input_wind
344,720575940614830604,JO-mz,,sensory,interneuron
345,720575940614835362,JO-CL,,sensory,interneuron
346,720575940614840482,CB1427,,central,interneuron
347,720575940614840891,CB1542,"B1-3, aPN1",central,interneuron
348,720575940614847906,JO-B,,sensory,input_wind
349,720575940614908822,JO-C,,sensory,input_wind
350,720575940614914107,LC4,,visual_projection,interneuron
351,720575940614941992,AVLP479,,central,interneuron
352,720575940615044469,LPLC4,,visual_projection,interneuron
353,720575940615053580,LC4,,visual_projection,interneuron
354,720575940615055989,LPLC2,,visual_projection,input_vision
355,720575940615092019,DNpe042,CL262,descending,output
356,720575940615116731,LPLC2,,visual_projection,input_vision
357,720575940615127227,LC4,,visual_projection,interneuron
358,720575940615222201,JO-B,,sensory,input_wind
359,720575940615226086,CB3631,B1,central,interneuron
360,720575940615227359,CB2472,,central,interneuron
361,720575940615232217,LC4,,visual_projection,interneuron
362,720575940615241010,JO-A,,sensory,interneuron
363,720575940615288203,LPLC2,,visual_projection,input_vision
364,720575940615332502,LPLC2,,visual_projection,input_vision
365,720575940615343060,PVLP027,,central,interneuron
366,720575940615345558,CB1427,,central,interneuron
367,720575940615378700,DNp68,CL138,descending,output
368,720575940615387846,JO-B,,sensory,input_wind
369,720575940615391638,LT82,"LT82a, LT82b",visual_projection,interneuron
370,720575940615395165,CB1314,,central,interneuron
371,720575940615424571,CB1038,,central,interneuron
372,720575940615460255,AN_LH_AVLP_1,,ascending,interneuron
373,720575940615462587,LC4,,visual_projection,interneuron
374,720575940615479413,LC22,,visual_projection,interneuron
375,720575940615522978,LCe04,LC9,visual_projection,interneuron
376,720575940615528678,PVLP024,,central,interneuron
377,720575940615540841,JO-B,,sensory,input_wind
378,720575940615541810,CB1231,,central,interneuron
379,720575940615575007,LC4,,visual_projection,interneuron
380,720575940615613396,CB2431,,central,interneuron
381,720575940615623586,CB1427,,central,interneuron
382,720575940615624866,PVLP074,,central,interneuron
383,720575940615676334,JO-A,,sensory,interneuron
384,720575940615723077,SAD052,B1-5,central,interneuron
385,720575940615723314,PVLP076,,central,interneuron
386,720575940615750318,JO-A,,sensory,interneuron
387,720575940615753629,CB0979,,central,interneuron
388,720575940615860061,JO-B,,sensory,input_wind
389,720575940615868485,CB1065,,central,interneuron
390,720575940615898730,DNg106,,descending,interneuron
391,720575940615905373,LPLC4,,visual_projection,interneuron
392,720575940615907723,LPLC2,,visual_projection,input_vision
393,720575940615920453,LPLC2,,visual_projection,input_vision
394,720575940615953302,LPLC2,,visual_projection,input_vision
395,720575940615967377,LPLC2,,visual_projection,input_vision
396,720575940616008854,LPLC2,,visual_projection,input_vision
397,720575940616039574,LMa1,,optic,interneuron
398,720575940616042508,JO-B,,sensory,input_wind
399,720575940616066705,LC4,,visual_projection,interneuron
400,720575940616077173,CB1496,,central,interneuron
401,720575940616080212,JO-C,,sensory,input_wind
402,720575940616083345,LPLC2,,visual_projection,input_vision
403,720575940616086411,CB1314,,central,interneuron
404,720575940616096306,JO-B,,sensory,input_wind
405,720575940616101789,WED069,,central,interneuron
406,720575940616114132,CB1427,,central,interneuron
407,720575940616116697,LPLC2,,visual_projection,input_vision
408,720575940616121408,CB3245,,central,interneuron
409,720575940616138123,LTe65,PS179,visual_projection,interneuron
410,720575940616166685,LPLC2,,visual_projection,input_vision
411,720575940616202838,CB2162,,central,interneuron
412,720575940616211013,CB3491,WED_pr02,central,interneuron
413,720575940616274619,DNpe026,CL202,descending,output
414,720575940616313942,AMMC-A1,A1,central,interneuron
415,720575940616336245,JO-B,,sensory,input_wind
416,720575940616377817,LPLC2,,visual_projection,input_vision
417,720575940616413509,JO-B,,sensory,input_wind
418,720575940616428884,JO-B,,sensory,input_wind
419,720575940616491993,LPLC2,,visual_projection,input_vision
420,720575940616538944,CB3655,WED106,central,interneuron
421,720575940616564534,WED119,,central,interneuron
422,720575940616597643,CB2034,aSP18,central,interneuron
423,720575940616612025,JO-B,,sensory,input_wind
424,720575940616633925,CB2521,B1-5,central,interneuron
425,720575940616653429,JO-B,,sensory,input_wind
426,720575940616670016,PVLP112a,"PVLP112, pIP7",central,interneuron
427,720575940616713355,LC4,,visual_projection,interneuron
428,720575940616735489,LPLC2,,visual_projection,input_vision
429,720575940616748756,SAD077,,central,interneuron
430,720575940616786315,JO-B,,sensory,input_wind
431,720575940616793174,JO-B,,sensory,input_wind
432,720575940616804806,CB1076,B1-5,central,interneuron
433,720575940616809401,CB1078,"B1-1, aPN1",central,interneuron
434,720575940616817625,CB1145,,central,interneuron
435,720575940616826380,DNb09,DNb01,descending,output
436,720575940616839380,PVLP113,,central,interneuron
437,720575940616859622,JO-B,,sensory,input_wind
438,720575940616946918,CB3024,,central,interneuron
439,720575940616951739,LC31b,LC31,visual_projection,interneuron
440,720575940616976434,LPLC4,,visual_projection,interneuron
441,720575940617019442,LMa1,,optic,interneuron
442,720575940617026260,LC4,,visual_projection,interneuron
443,720575940617044948,WED114,,central,interneuron
444,720575940617066653,JO-B,,sensory,input_wind
445,720575940617110306,JO-B,,sensory,input_wind
446,720575940617123814,PVLP062,,central,interneuron
447,720575940617140597,DNpe024,CL325,descending,output
448,720575940617176321,LC4,,visual_projection,interneuron
449,720575940617197057,CB3024,SAD_pr02,central,interneuron
450,720575940617244049,JO-B,,sensory,input_wind
451,720575940617245652,DNp55,WED180,descending,output
452,720575940617266722,LC4,,visual_projection,interneuron
453,720575940617280657,DNp45,PVLP117,descending,output
454,720575940617289782,LPLC2,,visual_projection,input_vision
455,720575940617294219,LPLC2,,visual_projection,input_vision
456,720575940617303892,CB3486,,central,interneuron
457,720575940617348379,LC4,,visual_projection,interneuron
458,720575940617365947,,,central,interneuron
459,720575940617371732,CB3655,WED106,central,interneuron
460,720575940617399257,DNge048,,descending,output
461,720575940617407929,JO-B,,sensory,input_wind
462,720575940617431325,CB2521,B1-4,central,interneuron
463,720575940617440395,CB0591,,central,interneuron
464,720575940617442561,WED116,,central,interneuron
465,720575940617444130,CB0527,,central,interneuron
466,720575940617457881,JO-B,,sensory,input_wind
467,720575940617467712,SAD049,,central,interneuron
468,720575940617480094,LPLC2,,visual_projection,input_vision
469,720575940617492821,CB3544,,central,interneuron
470,720575940617499205,PVLP074,,central,interneuron
471,720575940617505629,CB2162,,central,interneuron
472,720575940617517661,JO-B,,sensory,input_wind
473,720575940617541147,JO-B,,sensory,input_wind
474,720575940617542872,PVLP124,,central,interneuron
475,720575940617564246,SAD017,,central,interneuron
476,720575940617575803,CL038,,central,interneuron
477,720575940617613858,CL022,,central,interneuron
478,720575940617636981,CB0766,PVLP071,central,interneuron
479,720575940617663093,DNg51,,descending,interneuron
480,720575940617687382,LPLC4,,visual_projection,interneuron
481,720575940617724390,JO-B,,sensory,input_wind
482,720575940617809181,DNp69,CL304,descending,output
483,720575940617845505,JO-B,,sensory,input_wind
484,720575940617882397,CB3710,B1-5,central,interneuron
485,720575940617884736,CB3105,SAD_pr02,central,interneuron
486,720575940617889915,CB3743,,central,interneuron
487,720575940617938772,JO-B,,sensory,input_wind
488,720575940617945246,JO-B,,sensory,input_wind
489,720575940617948445,CB3707,SAD073,central,interneuron
490,720575940617972052,JO-B,,sensory,input_wind
491,720575940617997241,LPLC2,,visual_projection,input_vision
492,720575940618002644,LC4,,visual_projection,interneuron
493,720575940618066415,SAD052,B1-3,central,interneuron
494,720575940618084313,Y3,,optic,interneuron
495,720575940618089851,WED072,,central,interneuron
496,720575940618157110,CL066,,central,interneuron
497,720575940618172509,LPLC2,,visual_projection,input_vision
498,720575940618188859,AVLP120,,central,interneuron
499,720575940618203707,DNc02,SIFa,descending,output
500,720575940618229051,5-HTPMPV03,,visual_centrifugal,interneuron
501,720575940618234704,LC4,,visual_projection,interneuron
502,720575940618234715,LC4,,visual_projection,interneuron
503,720575940618243009,CB3707,SAD073,central,interneuron
504,720575940618263174,CB1816,,central,interneuron
505,720575940618266459,LC4,,visual_projection,interneuron
506,720575940618267227,LC4,,visual_projection,interneuron
507,720575940618275520,LC4,,visual_projection,interneuron
508,720575940618307046,LPLC2,,visual_projection,input_vision
509,720575940618312606,LC4,,visual_projection,interneuron
510,720575940618314897,DNp70,CL305,descending,output
511,720575940618324509,LPLC4,,visual_projection,interneuron
512,720575940618334649,LPLC4,,visual_projection,interneuron
513,720575940618340057,PVLP093,,central,interneuron
514,720575940618342966,CB3880,WV-WV-2,central,interneuron
515,720575940618392912,CB2664,B1-5,central,interneuron
516,720575940618409045,,,central,interneuron
517,720575940618409797,CB1076,B1-5,central,interneuron
518,720575940618410069,CB3739,,central,interneuron
519,720575940618440000,DNp18,,descending,output
520,720575940618450496,LPLC2,,visual_projection,input_vision
521,720575940618455791,PLP018,,central,interneuron
522,720575940618514555,CL121_a,"CL121, aDT5a",central,interneuron
523,720575940618522433,AMMC-A1,A1,central,interneuron
524,720575940618524481,CB2556,B1,central,interneuron
525,720575940618538641,LPLC2,,visual_projection,input_vision
526,720575940618574749,DNg35,,descending,output
527,720575940618594022,DNp42,,descending,output
528,720575940618599277,CB2153,B1-4,central,interneuron
529,720575940618608177,LPLC2,,visual_projection,input_vision
530,720575940618621830,CB1695,,central,interneuron
531,720575940618625671,LPLC4,,visual_projection,interneuron
532,720575940618637090,LPi11,,optic,interneuron
533,720575940618648955,WEDPN9,,central,interneuron
534,720575940618663838,DNge032,,descending,output
535,720575940618668198,CB2917,,central,interneuron
536,720575940618676440,LC4,,visual_projection,interneuron
537,720575940618709158,LC4,,visual_projection,interneuron
538,720575940618711535,LPLC2,,visual_projection,input_vision
539,720575940618723749,LC4,,visual_projection,interneuron
540,720575940618729350,CB3741,,central,interneuron
541,720575940618731284,CB2591,,central,interneuron
542,720575940618769153,PVLP069,,central,interneuron
543,720575940618772719,CB1125,aSP18,central,interneuron
544,720575940618807105,LC4,,visual_projection,interneuron
545,720575940618818629,LPLC4,,visual_projection,interneuron
546,720575940618847281,JO-B,,sensory,input_wind
547,720575940618856896,JO-B,,sensory,input_wind
548,720575940618886710,PVLP076,,central,interneuron
549,720575940618900358,CB1484,,central,interneuron
550,720575940618927636,CB0979,,central,interneuron
551,720575940618927892,LPLC2,,visual_projection,input_vision
552,720575940618932763,PVLP010,,central,interneuron
553,720575940618937547,LPC1,,visual_projection,interneuron
554,720575940618953270,JO-B,,sensory,input_wind
555,720575940618958040,CB1869,,central,interneuron
556,720575940618965553,CB0766,PVLP071,central,interneuron
557,720575940618987600,PVLP120,,central,interneuron
558,720575940619014981,LPLC4,,visual_projection,interneuron
559,720575940619034806,CB2789,B1,central,interneuron
560,720575940619035003,CB0344,,central,interneuron
561,720575940619038493,DNpe042,CL262,descending,output
562,720575940619046469,LPT50,,visual_projection,interneuron
563,720575940619056225,CB1816,,central,interneuron
564,720575940619101099,CB1427,,central,interneuron
565,720575940619110347,CB3715,,central,interneuron
566,720575940619114991,CB2067,,central,interneuron
567,720575940619115547,LPC1,,visual_projection,interneuron
568,720575940619123136,CB1138,,central,interneuron
569,720575940619130096,CB1557,,central,interneuron
570,720575940619144071,LPC1,,visual_projection,interneuron
571,720575940619148829,LT83,,visual_projection,interneuron
572,720575940619159233,LPLC4,,visual_projection,interneuron
573,720575940619182933,CB3655,WED106,central,interneuron
574,720575940619191966,DNge119,,descending,output
575,720575940619197318,LPLC2,,visual_projection,input_vision
576,720575940619251182,LC14a1,LC14,optic,interneuron
577,720575940619263937,LPLC2,,visual_projection,input_vision
578,720575940619264193,LPLC4,,visual_projection,interneuron
579,720575940619309632,LPLC4,,visual_projection,interneuron
580,720575940619329957,CB1942,,central,interneuron
581,720575940619397542,LC4,,visual_projection,interneuron
582,720575940619405812,CB1425,B1-3,central,interneuron
583,720575940619414597,LPLC4,,visual_projection,interneuron
584,720575940619424020,CL022,,central,interneuron
585,720575940619447105,JO-B,,sensory,input_wind
586,720575940619465131,JO-A,,sensory,interneuron
587,720575940619507184,LC31a,LC31,visual_projection,interneuron
588,720575940619553671,CB1908,,central,interneuron
589,720575940619569835,SAD014,,central,interneuron
590,720575940619572529,CB1557,,central,interneuron
591,720575940619572762,JO-B,,sensory,input_wind
592,720575940619592768,LC31b,LC31,visual_projection,interneuron
593,720575940619601488,PVLP122b,PVLP122,central,interneuron
594,720575940619606036,CB1638,,central,interneuron
595,720575940619627611,CB2472,,central,interneuron
596,720575940619627934,LPLC2,,visual_projection,input_vision
597,720575940619644336,AN_LH_AVLP_1,,ascending,interneuron
598,720575940619654053,DNp02,,descending,output
599,720575940619654149,LPLC2,,visual_projection,input_vision
600,720575940619655685,LPLC4,,visual_projection,interneuron
601,720575940619675472,CB4235,,central,interneuron
602,720575940619709972,PVLP024,,central,interneuron
603,720575940619719668,LC9,,visual_projection,interneuron
604,720575940619731334,LT51,aSP29b,visual_projection,interneuron
605,720575940619737070,LPC1,,visual_projection,interneuron
606,720575940619738315,CB1427,,central,interneuron
607,720575940619750822,LPLC2,,visual_projection,input_vision
608,720575940619822784,PVLP093,,central,interneuron
609,720575940619900993,LPLC2,,visual_projection,input_vision
610,720575940619940811,JO-B,,sensory,input_wind
611,720575940619941067,JO-B,,sensory,input_wind
612,720575940619942859,CB1078,"B1-1, aPN1",central,interneuron
613,720575940619948880,CB2566,,central,interneuron
614,720575940619969227,JO-B,,sensory,input_wind
615,720575940619981494,LPLC2,,visual_projection,input_vision
616,720575940620001718,LPLC2,,visual_projection,input_vision
617,720575940620004479,CB2431,,central,interneuron
618,720575940620012253,CB0758,B2,central,interneuron
619,720575940620013044,CB1474,,central,interneuron
620,720575940620020827,PS234,,central,interneuron
621,720575940620031341,JO-B,,sensory,input_wind
622,720575940620039259,CB3024,,central,interneuron
623,720575940620054694,DNp11,,descending,output
624,720575940620082512,DNge049,,descending,output
625,720575940620096238,SAD076,,central,interneuron
626,720575940620097985,WED072,,central,interneuron
627,720575940620139678,LPLC2,,visual_projection,input_vision
628,720575940620139736,LPLC4,,visual_projection,interneuron
629,720575940620155489,CB2576,,central,interneuron
630,720575940620155561,CB3649,,central,interneuron
631,720575940620156283,DNp30,DSKMP1A,descending,output
632,720575940620165541,AVLP479,,central,interneuron
633,720575940620173737,PVLP022,,central,interneuron
634,720575940620204412,CB1585,,central,interneuron
635,720575940620208293,PVLP123a,PVLP123,central,interneuron
636,720575940620257216,JO-B,,sensory,input_wind
637,720575940620298772,DNge035,,descending,output
638,720575940620300308,DNg97,,descending,output
639,720575940620304110,CB0533,,central,interneuron
640,720575940620306904,LPLC2,,visual_projection,input_vision
641,720575940620314221,LC4,,visual_projection,interneuron
642,720575940620314612,LC4,,visual_projection,interneuron
643,720575940620320902,PVLP017,,central,interneuron
644,720575940620346758,LPLC4,,visual_projection,interneuron
645,720575940620348769,SAD064,,central,interneuron
646,720575940620375796,LPLC4,,visual_projection,interneuron
647,720575940620381575,CL323b,CL323,central,interneuron
648,720575940620386981,JO-B,,sensory,input_wind
649,720575940620422413,JO-B,,sensory,input_wind
650,720575940620422938,JO-B,,sensory,input_wind
651,720575940620450031,CB1484,,central,interneuron
652,720575940620458735,JO-B,,sensory,input_wind
653,720575940620468718,DNp02,,descending,output
654,720575940620516846,JO-B,,sensory,input_wind
655,720575940620537153,CB3885,,central,interneuron
656,720575940620540507,SAD072,,central,interneuron
657,720575940620541099,DNge054,,descending,output
658,720575940620575476,LPLC2,,visual_projection,input_vision
659,720575940620575653,JO-B,,sensory,input_wind
660,720575940620581748,SAD021_a,,central,interneuron
661,720575940620587713,JO-B,,sensory,input_wind
662,720575940620591837,CB1038,,central,interneuron
663,720575940620621190,DNg99,,descending,interneuron
664,720575940620622785,JO-B,,sensory,input_wind
665,720575940620642940,DNpe002,VES068,descending,output
666,720575940620661931,JO-B,,sensory,input_wind
667,720575940620682049,LC21,,visual_projection,interneuron
668,720575940620694015,CB1078,aPN1,central,interneuron
669,720575940620723126,AVLP479,,central,interneuron
670,720575940620729816,LPLC4,,visual_projection,interneuron
671,720575940620731380,LC4,,visual_projection,interneuron
672,720575940620731631,CB1076,B1-5,central,interneuron
673,720575940620783180,LPLC2,,visual_projection,input_vision
674,720575940620795728,LC4,,visual_projection,interneuron
675,720575940620813989,LTe20,,visual_projection,interneuron
676,720575940620822893,JO-B,,sensory,input_wind
677,720575940620833974,CB1125,aSP18,central,interneuron
678,720575940620842846,SAD016,,central,interneuron
679,720575940620856047,LPLC4,,visual_projection,interneuron
680,720575940620860398,CB2566,,central,interneuron
681,720575940620887834,LPLC2,,visual_projection,input_vision
682,720575940620903412,LPC1,,visual_projection,interneuron
683,720575940620903551,LC4,,visual_projection,interneuron
684,720575940620910774,CB1198,SAD_pr02,central,interneuron
685,720575940620913493,LC14a1,LC14,optic,interneuron
686,720575940620931312,VP5+_l2PN,,central,interneuron
687,720575940620933067,CB0979,,central,interneuron
688,720575940620980323,CB2664,B1-4,central,interneuron
689,720575940621000831,PVLP062,,central,interneuron
690,720575940621043753,CB1076,B1-5,central,interneuron
691,720575940621067204,PVLP021,,central,interneuron
692,720575940621077253,JO-B,,sensory,input_wind
693,720575940621096583,LC14a1,LC14,optic,interneuron
694,720575940621104628,AVLP093,,central,interneuron
695,720575940621110454,JO-A,,sensory,interneuron
696,720575940621120353,JO-B,,sensory,input_wind
697,720575940621145821,LC4,,visual_projection,interneuron
698,720575940621148660,CB3880,WV-WV-2,central,interneuron
699,720575940621157645,DNpe024,CL325,descending,output
700,720575940621225313,CL286,,central,interneuron
701,720575940621241072,AN_multi_106,,ascending,interneuron
702,720575940621242025,SAD052,B1-5,central,interneuron
703,720575940621258198,LC14a1,LC14,optic,interneuron
704,720575940621259875,LPLC4,,visual_projection,interneuron
705,720575940621307892,CB2824,,central,interneuron
706,720575940621311110,Tlp1,,optic,interneuron
707,720575940621313414,DNge038,,descending,output
708,720575940621315567,Y11,,optic,interneuron
709,720575940621324996,CB1065,SAD_pr02,central,interneuron
710,720575940621340429,JO-A,,sensory,interneuron
711,720575940621351412,CB0810,,motor,output
712,720575940621354416,CB2034,aSP18,central,interneuron
713,720575940621365236,PVLP021,,central,interneuron
714,720575940621371045,LT56,,visual_centrifugal,interneuron
715,720575940621380646,CB3207,,central,interneuron
716,720575940621401222,DNpe025,PVLP145,descending,output
717,720575940621422319,CB2712,,central,interneuron
718,720575940621460115,PLP018,,central,interneuron
719,720575940621508336,JO-B,,sensory,input_wind
720,720575940621513566,JO-B,,sensory,input_wind
721,720575940621514093,LPLC4,,visual_projection,interneuron
722,720575940621522458,LC4,,visual_projection,interneuron
723,720575940621540586,SAD021_a,,central,interneuron
724,720575940621547689,CB0956,,central,interneuron
725,720575940621555603,CB1110,,central,interneuron
726,720575940621568269,CB1496,,central,interneuron
727,720575940621618859,ALIN6,,central,interneuron
728,720575940621634913,LPLC2,,visual_projection,input_vision
729,720575940621640363,AVLP076,,central,interneuron
730,720575940621661355,LPC1,,visual_projection,interneuron
731,720575940621717469,CB4161,WV-WV-3,central,interneuron
732,720575940621722111,JO-B,,sensory,input_wind
733,720575940621726698,PVLP100,,central,interneuron
734,720575940621752001,CB1498,,central,interneuron
735,720575940621753579,LC4,,visual_projection,interneuron
736,720575940621759169,LPLC4,,visual_projection,interneuron
737,720575940621771502,AVLP542,,central,interneuron
738,720575940621800431,LC31a,LC31,visual_projection,interneuron
739,720575940621800798,CB3710,B1-5,central,interneuron
740,720575940621801456,DNge120,,descending,output
741,720575940621804159,DNp12,WED105,descending,interneuron
742,720575940621819630,PLP060,,central,interneuron
743,720575940621823100,CB3416,PVLP031,central,interneuron
744,720575940621823514,JO-B,,sensory,input_wind
745,720575940621835246,CB3245,,central,interneuron
746,720575940621836246,,,central,interneuron
747,720575940621838571,CB1638,,central,interneuron
748,720575940621865479,CB2380,aLN/al,central,interneuron
749,720575940621887732,JO-C,,sensory,input_wind
750,720575940621902301,PS002,,central,interneuron
751,720575940621914904,LPLC2,,visual_projection,input_vision
752,720575940621947302,AVLP442,,central,interneuron
753,720575940621972009,CB3381,,central,interneuron
754,720575940621976097,PS001,,central,interneuron
755,720575940622004106,CB2475,B1,central,interneuron
756,720575940622007472,cM11,,visual_centrifugal,interneuron
757,720575940622009284,LPLC2,,visual_projection,input_vision
758,720575940622009676,CB1065,,central,interneuron
759,720575940622010373,DNg55,,descending,output
760,720575940622026757,JO-B,,sensory,input_wind
761,720575940622028029,LC31a,LC31,visual_projection,interneuron
762,720575940622037139,LC14a1,LC14,optic,interneuron
763,720575940622102182,AN_AVLP_GNG_21,,ascending,interneuron
764,720575940622108001,LC4,,visual_projection,interneuron
765,720575940622108933,CB2162,,central,interneuron
766,720575940622112353,CB2431,,central,interneuron
767,720575940622123400,DNge091,,descending,interneuron
768,720575940622123981,CB3911,WV-WV-1,central,interneuron
769,720575940622140481,LTe18,,visual_projection,interneuron
770,720575940622156799,LPLC2,,visual_projection,input_vision
771,720575940622161366,DNge054,,descending,output
772,720575940622174463,LPLC2,,visual_projection,input_vision
773,720575940622183194,CB0478,,central,interneuron
774,720575940622188568,CB1231,,central,interneuron
775,720575940622251411,SAD077,,central,interneuron
776,720575940622254375,CB1078,"B1-2, aPN1",central,interneuron
777,720575940622271472,CB2472,,central,interneuron
778,720575940622276735,LPLC4,,visual_projection,interneuron
779,720575940622297855,JO-B,,sensory,input_wind
780,720575940622312072,LPLC2,,visual_projection,input_vision
781,720575940622318599,CB0307,,central,interneuron
782,720575940622324991,PVLP141,,central,interneuron
783,720575940622330582,LC4,,visual_projection,interneuron
784,720575940622339113,PVLP130,,central,interneuron
785,720575940622342569,JO-B,,sensory,input_wind
786,720575940622344216,JO-B,,sensory,input_wind
787,720575940622351595,CB2380,aLN/al,central,interneuron
788,720575940622366814,LC14a1,LC14,optic,interneuron
789,720575940622368477,LC14a1,LC14,optic,interneuron
790,720575940622401462,CB3486,,central,interneuron
791,720575940622413948,CB3905,,central,interneuron
792,720575940622425271,LPLC2,,visual_projection,input_vision
793,720575940622461823,LCe07,,visual_projection,interneuron
794,720575940622485981,SAD015,SAD018,central,interneuron
795,720575940622486644,DNg45,,descending,output
796,720575940622516720,LPLC4,,visual_projection,interneuron
797,720575940622525654,CB2034,aSP18,central,interneuron
798,720575940622531767,LC4,,visual_projection,interneuron
799,720575940622552163,JO-B,,sensory,input_wind
800,720575940622557675,CB1638,,central,interneuron
801,720575940622559512,AVLP094,,central,interneuron
802,720575940622560094,LPLC4,,visual_projection,interneuron
803,720575940622565590,DNge047,,descending,output
804,720575940622577336,CB1076,B1-5,central,interneuron
805,720575940622579967,DNg29,,descending,output
806,720575940622593476,JO-B,,sensory,input_wind
807,720575940622633716,DNge041,,descending,interneuron
808,720575940622657684,CB2305,,central,interneuron
809,720575940622671655,CB1038,,central,interneuron
810,720575940622673860,DNp06,,descending,output
811,720575940622675421,DNp29,NPFP1,descending,output
812,720575940622680088,LPLC2,,visual_projection,input_vision
813,720575940622680724,LC31b,LC31,visual_projection,interneuron
814,720575940622681889,cM11,,visual_centrifugal,interneuron
815,720575940622729513,CB2380,aLN/al,central,interneuron
816,720575940622769159,LPLC2,,visual_projection,input_vision
817,720575940622778820,CB2556,B1,central,interneuron
818,720575940622801101,CL022,,central,interneuron
819,720575940622838154,DNp01,"Giant_Fiber, GF",descending,hub_gf
820,720575940622857827,JO-B,,sensory,input_wind
821,720575940622932487,PVLP111,pIP7,central,interneuron
822,720575940622939836,LC4,,visual_projection,interneuron
823,720575940622946963,JO-B,,sensory,input_wind
824,720575940622960422,JO-B,,sensory,input_wind
825,720575940622978823,JO-B,,sensory,input_wind
826,720575940622992205,LPLC2,,visual_projection,input_vision
827,720575940622996579,DNg40,hb5813056435,descending,output
828,720575940622998115,JO-B,,sensory,input_wind
829,720575940623003653,LPLC4,,visual_projection,interneuron
830,720575940623016709,LMa1,,optic,interneuron
831,720575940623019544,DNa11,VES008,descending,output
832,720575940623047629,LPLC2,,visual_projection,input_vision
833,720575940623078852,CB1138,,central,interneuron
834,720575940623083288,JO-C,,sensory,input_wind
835,720575940623084170,CB3640,,central,interneuron
836,720575940623113752,AVLP538,AVLP_pr04,central,interneuron
837,720575940623124467,LPLC4,,visual_projection,interneuron
838,720575940623125628,DNpe020,PS133,descending,output
839,720575940623146378,JO-B,,sensory,input_wind
840,720575940623189799,JO-A,,sensory,interneuron
841,720575940623197588,CB2186,AVLP349,central,interneuron
842,720575940623203805,VESa1_P02,hb1663021115,central,interneuron
843,720575940623233238,CB1076,B1-5,central,interneuron
844,720575940623262461,LPLC2,,visual_projection,input_vision
845,720575940623274966,DNpe037,CL338,descending,output
846,720575940623276168,DNp35,PVLP136,descending,output
847,720575940623290153,JO-B,,sensory,input_wind
848,720575940623292713,CB3105,,central,interneuron
849,720575940623292925,JO-B,,sensory,input_wind
850,720575940623301417,JO-B,,sensory,input_wind
851,720575940623322877,CB3881,WV-WV-1,central,interneuron
852,720575940623333770,LPLC2,,visual_projection,input_vision
853,720575940623338281,DNg98,,descending,output
854,720575940623357675,JO-B,,sensory,input_wind
855,720575940623362698,SAD014,,central,interneuron
856,720575940623374058,PS002,,central,interneuron
857,720575940623380009,CB3903,,central,interneuron
858,720575940623383432,LPLC4,,visual_projection,interneuron
859,720575940623401128,JO-B,,sensory,input_wind
860,720575940623401693,LPT26,,visual_projection,interneuron
861,720575940623455239,CB0527,,central,interneuron
862,720575940623473335,CB0750,,motor,output
863,720575940623474871,JO-B,,sensory,input_wind
864,720575940623490794,JO-B,,sensory,input_wind
865,720575940623491369,LPLC4,,visual_projection,interneuron
866,720575940623492632,LPLC4,,visual_projection,interneuron
867,720575940623503318,DNg104,,descending,output
868,720575940623529875,JO-B,,sensory,input_wind
869,720575940623551684,LPLC2,,visual_projection,input_vision
870,720575940623557158,JO-C,,sensory,input_wind
871,720575940623560413,LMa1,,optic,interneuron
872,720575940623562534,JO-B,,sensory,input_wind
873,720575940623579063,PVLP137,,central,interneuron
874,720575940623593451,CB3742,,central,interneuron
875,720575940623652083,LPLC2,,visual_projection,input_vision
876,720575940623666213,CB0027,,central,interneuron
877,720575940623688119,CB1760,WED_pr02,central,interneuron
878,720575940623745869,JO-B,,sensory,input_wind
879,720575940623769783,LPLC2,,visual_projection,input_vision
880,720575940623781127,DNp103,PVLP119,descending,output
881,720575940623804853,CB0414,,central,interneuron
882,720575940623805159,JO-B,,sensory,input_wind
883,720575940623806157,LPLC4,,visual_projection,interneuron
884,720575940623817572,CB2940,,central,interneuron
885,720575940623820787,WED069,,central,interneuron
886,720575940623827348,LPLC2,,visual_projection,input_vision
887,720575940623840392,SMP068,,central,interneuron
888,720575940623840589,JO-A,,sensory,interneuron
889,720575940623860458,PVLP111,pIP7,central,interneuron
890,720575940623925774,LPLC2,,visual_projection,input_vision
891,720575940623928333,LC22,,visual_projection,interneuron
892,720575940623945194,LPLC4,,visual_projection,interneuron
893,720575940623953900,PVLP150,,central,interneuron
894,720575940623957173,PVLP010,,central,interneuron
895,720575940623961747,LPLC4,,visual_projection,interneuron
896,720575940623991881,JO-C,,sensory,input_wind
897,720575940624008586,LPLC4,,visual_projection,interneuron
898,720575940624014524,LPLC2,,visual_projection,input_vision
899,720575940624016778,LPLC2,,visual_projection,input_vision
900,720575940624017251,LC4,,visual_projection,interneuron
901,720575940624032611,CB3381,,central,interneuron
902,720575940624065724,JO-B,,sensory,input_wind
903,720575940624067581,JO-B,,sensory,input_wind
904,720575940624087283,CB1076,B1-5,central,interneuron
905,720575940624111177,JO-B,,sensory,input_wind
906,720575940624111763,LC4,,visual_projection,interneuron
907,720575940624116553,JO-B,,sensory,input_wind
908,720575940624126537,CB1231,,central,interneuron
909,720575940624134296,CB1948,WED_pr02,central,interneuron
910,720575940624163303,CB3916,,central,interneuron
911,720575940624181904,SAD011,SAD019,central,interneuron
912,720575940624193279,PS002,,central,interneuron
913,720575940624201033,ALIN6,,central,interneuron
914,720575940624203972,LPLC4,,visual_projection,interneuron
915,720575940624208824,LPLC2,,visual_projection,input_vision
916,720575940624209968,CB2067,,central,interneuron
917,720575940624244922,LPLC2,,visual_projection,input_vision
918,720575940624287821,PLP018,,central,interneuron
919,720575940624299534,PVLP111,pIP7,central,interneuron
920,720575940624349993,DNp70,CL305,descending,output
921,720575940624358152,AVLP396,,central,interneuron
922,720575940624359093,LPLC2,,visual_projection,input_vision
923,720575940624395528,CL286,,central,interneuron
924,720575940624397863,CB2472,,central,interneuron
925,720575940624402173,DNpe053,SMP454,descending,output
926,720575940624407944,DNp36,"CL342, pIP9a",descending,output
927,720575940624417584,LPLC2,,visual_projection,input_vision
928,720575940624421834,CL122_a,"CL122, aDT5a",central,interneuron
929,720575940624426680,DNp45,PVLP117,descending,output
930,720575940624437029,CB0989,,central,interneuron
931,720575940624472334,AVLP210,,central,interneuron
932,720575940624504212,CB0261,,central,interneuron
933,720575940624510868,JO-B,,sensory,input_wind
934,720575940624531652,LPLC2,,visual_projection,input_vision
935,720575940624533956,CB1638,,central,interneuron
936,720575940624537284,DNge124,,descending,output
937,720575940624562618,JO-B,,sensory,input_wind
938,720575940624571116,CB0104,SAD_pr01,central,interneuron
939,720575940624576806,CB2139,,central,interneuron
940,720575940624592217,CB3416,PVLP031,central,interneuron
941,720575940624594276,JO-B,,sensory,input_wind
942,720575940624611002,LPLC2,,visual_projection,input_vision
943,720575940624634626,CB3439,,central,interneuron
944,720575940624666245,SAD017,GNG_pr01,central,interneuron
945,720575940624676861,LPLC4,,visual_projection,interneuron
946,720575940624700138,CB0090,B2,central,interneuron
947,720575940624704393,CB1542,"B1-3, aPN1",central,interneuron
948,720575940624724211,JO-C,,sensory,input_wind
949,720575940624735463,PVLP111,pIP7,central,interneuron
950,720575940624743946,CB2305,,central,interneuron
951,720575940624750480,DNg24,,descending,output
952,720575940624755180,JO-B,,sensory,input_wind
953,720575940624755504,LPLC2,,visual_projection,input_vision
954,720575940624766700,DNpe020,PS133,descending,output
955,720575940624767434,CB1427,,central,interneuron
956,720575940624790781,LC4,,visual_projection,interneuron
957,720575940624832231,JO-A,,sensory,interneuron
958,720575940624838544,LPLC4,,visual_projection,interneuron
959,720575940624856762,LC4,,visual_projection,interneuron
960,720575940624864585,LPLC4,,visual_projection,interneuron
961,720575940624872179,CB1078,"B1, aPN1",central,interneuron
962,720575940624883898,CB0979,,central,interneuron
963,720575940624897516,DNg105,,descending,output
964,720575940624903064,LPLC2,,visual_projection,input_vision
965,720575940624910887,AN_GNG_SAD_3,,ascending,interneuron
966,720575940624919077,LPLC2,,visual_projection,input_vision
967,720575940624931530,LPLC2,,visual_projection,input_vision
968,720575940624996894,CB2591,,central,interneuron
969,720575940624996901,CB2712,,central,interneuron
970,720575940625001735,LPLC2,,visual_projection,input_vision
971,720575940625023024,JO-B,,sensory,input_wind
972,720575940625032721,CB1206,"WED-VLP-2, aIP5",central,interneuron
973,720575940625038090,LC4,,visual_projection,interneuron
974,720575940625049945,JO-B,,sensory,input_wind
975,720575940625094325,DNae008,PS012,descending,output
976,720575940625184782,DNpe026,CL202,descending,output
977,720575940625194558,CB3513a,PVLP_pr03,central,interneuron
978,720575940625216202,LPLC2,,visual_projection,input_vision
979,720575940625227672,JO-A,,sensory,interneuron
980,720575940625295339,DNp13,pMN1/DNp13,descending,output
981,720575940625306603,DNge011,,descending,output
982,720575940625313338,CB1474,,central,interneuron
983,720575940625345328,CB3913,WV-WV-2,central,interneuron
984,720575940625357547,LT56,,visual_centrifugal,interneuron
985,720575940625395864,LPLC4,,visual_projection,interneuron
986,720575940625420986,DNp101,CL334,descending,output
987,720575940625422867,CB1484,,central,interneuron
988,720575940625449530,CL121_a,"CL121, aDT5a",central,interneuron
989,720575940625460632,CB1496,,central,interneuron
990,720575940625466387,CB1394_d,,central,interneuron
991,720575940625477721,LPLC2,,visual_projection,input_vision
992,720575940625483962,CB3692,B1,central,interneuron
993,720575940625489160,DNge150,,descending,output
994,720575940625539984,DNp49,,descending,output
995,720575940625556668,LPLC4,,visual_projection,interneuron
996,720575940625565368,JO-B,,sensory,input_wind
997,720575940625574844,LPLC4,,visual_projection,interneuron
998,720575940625587970,JO-B,,sensory,input_wind
999,720575940625622909,CB1065,,central,interneuron
1000,720575940625624464,JO-B,,sensory,input_wind
1001,720575940625642012,CB1427,,central,interneuron
1002,720575940625656980,PVLP151,,central,interneuron
1003,720575940625673196,DNp71,DNp09,descending,output
1004,720575940625686078,AVLP542,,central,interneuron
1005,720575940625689109,PVLP123a,PVLP123,central,interneuron
1006,720575940625695269,LPLC2,,visual_projection,input_vision
1007,720575940625697772,LPLC2,,visual_projection,input_vision
1008,720575940625699992,CB0979,,central,interneuron
1009,720575940625700739,LPLC2,,visual_projection,input_vision
1010,720575940625706279,CB1311,,central,interneuron
1011,720575940625738073,PVLP123b,PVLP123,central,interneuron
1012,720575940625747812,DNp49,,descending,output
1013,720575940625766960,CB1194,,central,interneuron
1014,720575940625773752,SAD076,,central,interneuron
1015,720575940625780836,CB3649,,central,interneuron
1016,720575940625798695,AVLP120,,central,interneuron
1017,720575940625803336,CB3649,,central,interneuron
1018,720575940625806996,LPC1,,visual_projection,interneuron
1019,720575940625809539,AN_multi_106,,ascending,interneuron
1020,720575940625835278,LPLC2,,visual_projection,input_vision
1021,720575940625841351,LC4,,visual_projection,interneuron
1022,720575940625845447,LC4,,visual_projection,interneuron
1023,720575940625847810,CB0517,,central,interneuron
1024,720575940625850552,LPC1,,visual_projection,interneuron
1025,720575940625866789,JO-B,,sensory,input_wind
1026,720575940625870640,DNg15,,descending,interneuron
1027,720575940625887119,,,central,interneuron
1028,720575940625887631,CB3491,WED_pr02,central,interneuron
1029,720575940625888560,JO-B,,sensory,input_wind
1030,720575940625894799,PVLP111,pIP7,central,interneuron
1031,720575940625904016,JO-C,,sensory,input_wind
1032,720575940625904414,PVLP111,pIP7,central,interneuron
1033,720575940625906702,LC4,,visual_projection,interneuron
1034,720575940625910714,JO-B,,sensory,input_wind
1035,720575940625913105,CB1908,,central,interneuron
1036,720575940625917386,JO-A,,sensory,interneuron
1037,720575940625925450,LPLC4,,visual_projection,interneuron
1038,720575940625932421,LC4,,visual_projection,interneuron
1039,720575940625934973,LC4,,visual_projection,interneuron
1040,720575940625952755,Li33,,optic,interneuron
1041,720575940625970616,CB1235,,central,interneuron
1042,720575940625972624,JO-B,,sensory,input_wind
1043,720575940625984528,CB0758,B2,central,interneuron
1044,720575940625991043,LC4,,visual_projection,interneuron
1045,720575940626009852,DNp05,,descending,output
1046,720575940626013958,AVLP202,,central,interneuron
1047,720575940626017917,CB1145,,central,interneuron
1048,720575940626018321,CB3682,,central,interneuron
1049,720575940626046919,AVLP429,,central,interneuron
1050,720575940626135548,JO-CL,,sensory,interneuron
1051,720575940626153488,CB3673,B1,central,interneuron
1052,720575940626161930,LPLC2,,visual_projection,input_vision
1053,720575940626164938,JO-A,,sensory,interneuron
1054,720575940626217244,CB3544,,central,interneuron
1055,720575940626224280,WEDPN9,,central,interneuron
1056,720575940626236041,LPLC2,,visual_projection,input_vision
1057,720575940626243614,WED116,,central,interneuron
1058,720575940626257736,JO-B,,sensory,input_wind
1059,720575940626258532,JO-B,,sensory,input_wind
1060,720575940626258690,CB1498,,central,interneuron
1061,720575940626266493,SMP068,,central,interneuron
1062,720575940626274314,JO-C,,sensory,input_wind
1063,720575940626286432,JO-B,,sensory,input_wind
1064,720575940626295396,DNg85,,descending,output
1065,720575940626375172,LPLC2,,visual_projection,input_vision
1066,720575940626384200,LPLC2,,visual_projection,input_vision
1067,720575940626390549,LC14a1,LC14,optic,interneuron
1068,720575940626391562,CB3739,,central,interneuron
1069,720575940626404337,WED072,,central,interneuron
1070,720575940626408454,LPLC4,,visual_projection,interneuron
1071,720575940626414279,LPLC2,,visual_projection,input_vision
1072,720575940626430280,CB3649,,central,interneuron
1073,720575940626435850,LPLC4,,visual_projection,interneuron
1074,720575940626447848,LPLC2,,visual_projection,input_vision
1075,720575940626465352,CB0979,,central,interneuron
1076,720575940626475653,CB3870,,central,interneuron
1077,720575940626493498,LPC1,,visual_projection,interneuron
1078,720575940626522620,JO-A,,sensory,interneuron
1079,720575940626536720,CB1138,,central,interneuron
1080,720575940626553596,LC4,,visual_projection,interneuron
1081,720575940626555440,CB0478,,central,interneuron
1082,720575940626562833,DNp66,AVLP499,descending,output
1083,720575940626583056,CB0352,PVLP_pr03,central,interneuron
1084,720575940626591875,PVLP122a,PVLP122,central,interneuron
1085,720575940626592387,CB1231,,central,interneuron
1086,720575940626605200,LC4,,visual_projection,interneuron
1087,720575940626608401,AMMC028,,central,interneuron
1088,720575940626612888,CB2034,aSP18,central,interneuron
1089,720575940626617084,LPLC2,,visual_projection,input_vision
1090,720575940626626895,LC4,,visual_projection,interneuron
1091,720575940626663953,AVLP340,,central,interneuron
1092,720575940626677097,PVLP074,,central,interneuron
1093,720575940626678524,CB2351,,central,interneuron
1094,720575940626693894,JO-B,,sensory,input_wind
1095,720575940626726021,JO-B,,sensory,input_wind
1096,720575940626729349,LPC1,,visual_projection,interneuron
1097,720575940626735016,LPLC2,,visual_projection,input_vision
1098,720575940626741265,JO-B,,sensory,input_wind
1099,720575940626745387,CB3552,,central,interneuron
1100,720575940626745392,LPLC2,,visual_projection,input_vision
1101,720575940626781565,AVLP322,,central,interneuron
1102,720575940626806046,DNpe039,CL306,descending,output
1103,720575940626818085,PVLP141,,central,interneuron
1104,720575940626873000,LPLC2,,visual_projection,input_vision
1105,720575940626877639,DNg09,,descending,interneuron
1106,720575940626885960,JO-B,,sensory,input_wind
1107,720575940626886568,LPLC4,,visual_projection,interneuron
1108,720575940626889491,DNge124,,descending,output
1109,720575940626901136,DNg40,hb5813056435,descending,output
1110,720575940626916936,LC4,,visual_projection,interneuron
1111,720575940626971803,SAD023,,central,interneuron
1112,720575940626977947,PVLP120,,central,interneuron
1113,720575940627015196,DNg108,,descending,output
1114,720575940627016766,AVLP210,,central,interneuron
1115,720575940627027087,CB1125,aSP18,central,interneuron
1116,720575940627033672,LPLC4,,visual_projection,interneuron
1117,720575940627046010,JO-A,,sensory,interneuron
1118,720575940627069712,LTe65,PS179,visual_projection,interneuron
1119,720575940627083397,PVLP150,,central,interneuron
1120,720575940627085199,JO-A,,sensory,interneuron
1121,720575940627096957,CB0010,,central,interneuron
1122,720575940627149514,LPLC4,,visual_projection,interneuron
1123,720575940627180561,CB0956,,central,interneuron
1124,720575940627195691,JO-A,,sensory,interneuron
1125,720575940627201579,CB3877,WV-WV-3,central,interneuron
1126,720575940627206842,AVLP500,,central,interneuron
1127,720575940627218882,CB1948,WED_pr02,central,interneuron
1128,720575940627221416,SAD015,SAD018,central,interneuron
1129,720575940627235386,CB2556,B1,central,interneuron
1130,720575940627243539,CB0979,,central,interneuron
1131,720575940627249039,JO-B,,sensory,input_wind
1132,720575940627249850,LMa1,,optic,interneuron
1133,720575940627252798,LMa2,,optic,interneuron
1134,720575940627263375,SAD053,B1-4,central,interneuron
1135,720575940627300627,CB3320,,central,interneuron
1136,720575940627304963,JO-B,,sensory,input_wind
1137,720575940627311106,SAD049,,central,interneuron
1138,720575940627352595,JO-B,,sensory,input_wind
1139,720575940627363356,LPLC4,,visual_projection,interneuron
1140,720575940627368254,LPLC2,,visual_projection,input_vision
1141,720575940627373161,CB1145,,central,interneuron
1142,720575940627410944,CB1078,"B1-2, aPN1",central,interneuron
1143,720575940627420668,SAD014,,central,interneuron
1144,720575940627437572,JO-B,,sensory,input_wind
1145,720575940627442197,JO-A,,sensory,interneuron
1146,720575940627442709,JO-B,,sensory,input_wind
1147,720575940627448860,CB1138,,central,interneuron
1148,720575940627453778,JO-B,,sensory,input_wind
1149,720575940627454730,CB1231,,central,interneuron
1150,720575940627455621,CB3588,B1-5,central,interneuron
1151,720575940627467087,CB0979,,central,interneuron
1152,720575940627471619,LPLC4,,visual_projection,interneuron
1153,720575940627490459,DNge130,,descending,output
1154,720575940627519107,LC4,,visual_projection,interneuron
1155,720575940627535742,CB2380,aLN/al,central,interneuron
1156,720575940627542316,DNpe011,PS227,descending,output
1157,720575940627553923,LPLC2,,visual_projection,input_vision
1158,720575940627585874,CB1231,,central,interneuron
1159,720575940627607812,AVLP153,,central,interneuron
1160,720575940627645514,DNp03,,descending,output
1161,720575940627646026,CB1538,,central,interneuron
1162,720575940627652358,DNp09,,descending,output
1163,720575940627685765,LPLC2,,visual_projection,input_vision
1164,720575940627714310,JO-B,,sensory,input_wind
1165,720575940627722234,DNge113,,descending,output
1166,720575940627732423,DNg45,,descending,output
1167,720575940627750216,DNpe031,PVLP116,descending,output
1168,720575940627778393,JO-B,,sensory,input_wind
1169,720575940627790991,DNge138,,descending,output
1170,720575940627796298,AVLP080,,central,interneuron
1171,720575940627799802,DNg09,,descending,interneuron
1172,720575940627803241,CB1638,,central,interneuron
1173,720575940627812168,DNg47,,descending,output
1174,720575940627825923,DNg15,,descending,output
1175,720575940627839304,JO-B,,sensory,input_wind
1176,720575940627845704,DNge148,,descending,output
1177,720575940627852563,LPLC4,,visual_projection,interneuron
1178,720575940627854162,LC14a1,LC14,optic,interneuron
1179,720575940627902078,LPLC2,,visual_projection,input_vision
1180,720575940627902979,LPLC2,,visual_projection,input_vision
1181,720575940627927751,JO-B,,sensory,input_wind
1182,720575940627949589,DNp18,,descending,interneuron
1183,720575940627985351,JO-B,,sensory,input_wind
1184,720575940628014391,CB3486,,central,interneuron
1185,720575940628016983,CB3581,B1-5,central,interneuron
1186,720575940628023569,CB3024,,central,interneuron
1187,720575940628039034,LPLC2,,visual_projection,input_vision
1188,720575940628039676,LPLC4,,visual_projection,interneuron
1189,720575940628064260,LC4,,visual_projection,interneuron
1190,720575940628069501,Li32,,optic,interneuron
1191,720575940628073085,LPLC4,,visual_projection,interneuron
1192,720575940628081541,LC4,,visual_projection,interneuron
1193,720575940628081751,CB1206,aIP5,central,interneuron
1194,720575940628112765,OCC01a,OCG06,visual_centrifugal,interneuron
1195,720575940628115756,AMMC028,,central,interneuron
1196,720575940628132745,DNp31,,descending,output
1197,720575940628145257,LPLC4,,visual_projection,interneuron
1198,720575940628159081,JO-B,,sensory,input_wind
1199,720575940628169219,AVLP479,,central,interneuron
1200,720575940628197892,LPLC2,,visual_projection,input_vision
1201,720575940628215558,CL038,,central,interneuron
1202,720575940628218976,JO-C,,sensory,input_wind
1203,720575940628255621,LPLC4,,visual_projection,interneuron
1204,720575940628267264,SAD021_a,WED_pr02,central,interneuron
1205,720575940628314667,CL066,,central,interneuron
1206,720575940628315232,JO-B,,sensory,input_wind
1207,720575940628342282,LMa1,,optic,interneuron
1208,720575940628352850,DNb05,,descending,interneuron
1209,720575940628360723,DNge049,,descending,output
1210,720575940628395797,LPLC2,,visual_projection,input_vision
1211,720575940628396090,CL121_a,"CL121, aDT5a",central,interneuron
1212,720575940628404227,CB1074,,central,interneuron
1213,720575940628419527,LC4,,visual_projection,interneuron
1214,720575940628419804,CB1138,,central,interneuron
1215,720575940628436839,AVLP202,,central,interneuron
1216,720575940628437291,DNp35,PVLP136,descending,output
1217,720575940628454522,LC4,,visual_projection,interneuron
1218,720575940628462340,LC4,,visual_projection,interneuron
1219,720575940628463468,LC31b,LC31,visual_projection,interneuron
1220,720575940628467462,JO-B,,sensory,input_wind
1221,720575940628481798,CB1231,,central,interneuron
1222,720575940628497923,CB3741,,central,interneuron
1223,720575940628518400,LC4,,visual_projection,interneuron
1224,720575940628523113,LPLC4,,visual_projection,interneuron
1225,720575940628543473,JO-B,,sensory,input_wind
1226,720575940628552247,LPLC2,,visual_projection,input_vision
1227,720575940628579066,PVLP123c,PVLP123,central,interneuron
1228,720575940628582929,LMa1,,optic,interneuron
1229,720575940628599895,LC4,,visual_projection,interneuron
1230,720575940628603842,LPLC2,,visual_projection,input_vision
1231,720575940628606713,LC4,,visual_projection,interneuron
1232,720575940628641127,CL140,,central,interneuron
1233,720575940628659318,CB2380,aLN/al,central,interneuron
1234,720575940628698371,JO-B,,sensory,input_wind
1235,720575940628699560,LC4,,visual_projection,interneuron
1236,720575940628749612,CB2440,,central,interneuron
1237,720575940628778058,LPLC2,,visual_projection,input_vision
1238,720575940628779898,CB3114,,central,interneuron
1239,720575940628786511,JO-B,,sensory,input_wind
1240,720575940628793621,PVLP017,,central,interneuron
1241,720575940628802888,PVLP094,,central,interneuron
1242,720575940628846966,CB3024,SAD_pr02,central,interneuron
1243,720575940628847164,LPLC2,,visual_projection,input_vision
1244,720575940628849668,LPLC2,,visual_projection,input_vision
1245,720575940628858640,DNp66,AVLP499,descending,output
1246,720575940628883535,DNge099,,descending,output
1247,720575940628891863,LC4,,visual_projection,interneuron
1248,720575940628896299,JO-B,,sensory,input_wind
1249,720575940628910235,JO-B,,sensory,input_wind
1250,720575940628921303,LPLC2,,visual_projection,input_vision
1251,720575940628942340,CB3046,,central,interneuron
1252,720575940628957443,JO-B,,sensory,input_wind
1253,720575940628970748,CL308,,central,interneuron
1254,720575940628976956,LPLC2,,visual_projection,input_vision
1255,720575940628982268,LC14a1,LC14,optic,interneuron
1256,720575940628990214,LPLC2,,visual_projection,input_vision
1257,720575940629008439,LPLC4,,visual_projection,interneuron
1258,720575940629012227,DNg81,,descending,output
1259,720575940629047552,LPC1,,visual_projection,interneuron
1260,720575940629065154,CB0758,B2,central,interneuron
1261,720575940629066770,CB3184,,central,interneuron
1262,720575940629098540,LPLC4,,visual_projection,interneuron
1263,720575940629105022,JO-B,,sensory,input_wind
1264,720575940629106438,CL121_a,"CL121, aDT5a",central,interneuron
1265,720575940629121527,LPC1,,visual_projection,interneuron
1266,720575940629139968,DNge113,,descending,output
1267,720575940629141775,JO-DA,,sensory,interneuron
1268,720575940629144906,CB1498,,central,interneuron
1269,720575940629155227,DNpe021,CL307,descending,output
1270,720575940629192975,PVLP021,,central,interneuron
1271,720575940629237036,JO-A,,sensory,interneuron
1272,720575940629245903,PVLP111,pIP7,central,interneuron
1273,720575940629249783,AVLP531,,central,interneuron
1274,720575940629253376,JO-B,,sensory,input_wind
1275,720575940629269630,JO-B,,sensory,input_wind
1276,720575940629275180,JO-B,,sensory,input_wind
1277,720575940629292785,LPLC2,,visual_projection,input_vision
1278,720575940629296185,JO-CA,,sensory,interneuron
1279,720575940629304702,DNge073,,descending,output
1280,720575940629310970,PVLP123c,PVLP123,central,interneuron
1281,720575940629318918,LPi11,,optic,interneuron
1282,720575940629320010,LPLC4,,visual_projection,interneuron
1283,720575940629350394,JO-B,,sensory,input_wind
1284,720575940629357676,LPLC4,,visual_projection,interneuron
1285,720575940629357932,LPLC4,,visual_projection,interneuron
1286,720575940629358321,AVLP500,,central,interneuron
1287,720575940629368015,LPLC2,,visual_projection,input_vision
1288,720575940629384271,LPLC2,,visual_projection,input_vision
1289,720575940629388535,CB1138,,central,interneuron
1290,720575940629394232,SAD003,aSP18,central,interneuron
1291,720575940629414987,PVLP111,pIP7,central,interneuron
1292,720575940629421159,DNp12,WED105,descending,interneuron
1293,720575940629443626,CB0956,,central,interneuron
1294,720575940629461442,DNb05,,descending,output
1295,720575940629472298,DNg09,,descending,interneuron
1296,720575940629474307,LC14a1,LC14,optic,interneuron
1297,720575940629488682,CB2712,,central,interneuron
1298,720575940629490476,aSP22,DNa08,descending,output
1299,720575940629492727,JO-B,,sensory,input_wind
1300,720575940629500012,LPC1,,visual_projection,interneuron
1301,720575940629502251,DNbe007,VES042,descending,output
1302,720575940629505274,JO-B,,sensory,input_wind
1303,720575940629513222,Am1,,optic,interneuron
1304,720575940629513478,AVLP538,AVLP_pr04,central,interneuron
1305,720575940629517049,LPLC4,,visual_projection,interneuron
1306,720575940629521655,DNg51,,descending,interneuron
1307,720575940629525882,LTe65,PS179,visual_projection,interneuron
1308,720575940629552170,CB1125,aSP18,central,interneuron
1309,720575940629574082,CB0174,,central,interneuron
1310,720575940629584887,CB1231,,central,interneuron
1311,720575940629602871,PVLP122b,PVLP122,central,interneuron
1312,720575940629620779,LPC1,,visual_projection,interneuron
1313,720575940629669175,CL022,,central,interneuron
1314,720575940629696323,LPLC4,,visual_projection,interneuron
1315,720575940629701737,CB0010,,central,interneuron
1316,720575940629742718,DNg09,,descending,interneuron
1317,720575940629753807,LC4,,visual_projection,interneuron
1318,720575940629757036,DNp04,,descending,output
1319,720575940629766649,CB3739,,central,interneuron
1320,720575940629766782,JO-B,,sensory,input_wind
1321,720575940629777018,DNp11,,descending,output
1322,720575940629777475,CB2501,,central,interneuron
1323,720575940629799952,LPi09,,optic,interneuron
1324,720575940629804414,JO-B,,sensory,input_wind
1325,720575940629805950,DNg35,,descending,output
1326,720575940629806206,JO-B,,sensory,input_wind
1327,720575940629846722,DNp64,CL137,descending,output
1328,720575940629853739,LMa1,,optic,interneuron
1329,720575940629860089,JO-B,,sensory,input_wind
1330,720575940629920056,CB1378,,central,interneuron
1331,720575940629938487,SAD021_c,WED_pr02,central,interneuron
1332,720575940629964591,LC4,,visual_projection,interneuron
1333,720575940629967703,LPLC2,,visual_projection,input_vision
1334,720575940629989879,JO-B,,sensory,input_wind
1335,720575940630017603,JO-A,,sensory,interneuron
1336,720575940630018115,JO-A,,sensory,interneuron
1337,720575940630020968,CB1869,,central,interneuron
1338,720575940630028359,CB2789,B1,central,interneuron
1339,720575940630044354,LPC1,,visual_projection,interneuron
1340,720575940630071803,PVLP028,,central,interneuron
1341,720575940630086698,AVLP258,,central,interneuron
1342,720575940630098937,AVLP547b,AVLP547,central,interneuron
1343,720575940630117879,JO-B,,sensory,input_wind
1344,720575940630131218,CB3673,B1,central,interneuron
1345,720575940630135084,DNge053,,descending,output
1346,720575940630154660,LC4,,visual_projection,interneuron
1347,720575940630160384,AN_multi_106,,ascending,interneuron
1348,720575940630161152,JO-B,,sensory,input_wind
1349,720575940630207799,JO-B,,sensory,input_wind
1350,720575940630209603,LPLC2,,visual_projection,input_vision
1351,720575940630211127,JO-A,,sensory,interneuron
1352,720575940630214564,CB1125,aSP18,central,interneuron
1353,720575940630216263,CL266_a,,central,interneuron
1354,720575940630223052,CB1078,"B1-1, aPN1",central,interneuron
1355,720575940630234684,AN_GNG_SAD_18,,ascending,interneuron
1356,720575940630236988,DNp38,,descending,output
1357,720575940630244911,CB3046,,central,interneuron
1358,720575940630246364,SAD014,,central,interneuron
1359,720575940630258003,SAD021_a,WED_pr02,central,interneuron
1360,720575940630269945,JO-B,,sensory,input_wind
1361,720575940630277175,CB1702,B1-5,central,interneuron
1362,720575940630297292,DNg09,,descending,interneuron
1363,720575940630318533,PVLP069,,central,interneuron
1364,720575940630321464,LPLC4,,visual_projection,interneuron
1365,720575940630352658,CB1908,,central,interneuron
1366,720575940630385000,LTe65,PS273,visual_projection,interneuron
1367,720575940630431225,CL204,,central,interneuron
1368,720575940630453535,WEDPN14,,central,interneuron
1369,720575940630461804,JO-B,,sensory,input_wind
1370,720575940630462940,JO-B,,sensory,input_wind
1371,720575940630467804,JO-B,,sensory,input_wind
1372,720575940630484495,LC4,,visual_projection,interneuron
1373,720575940630492714,DNg02_d,,descending,output
1374,720575940630501699,CB0979,,central,interneuron
1375,720575940630521292,CB0432,,central,interneuron
1376,720575940630603091,CB1542,"B1-2, aPN1",central,interneuron
1377,720575940630607738,DNae007,VES009,descending,output
1378,720575940630610042,DNp32,,descending,output
1379,720575940630630225,JO-B,,sensory,input_wind
1380,720575940630650936,LPLC2,,visual_projection,input_vision
1381,720575940630659446,CB1969,SAD_pr02,central,interneuron
1382,720575940630660951,JO-B,,sensory,input_wind
1383,720575940630719831,LPLC2,,visual_projection,input_vision
1384,720575940630731847,LPLC2,,visual_projection,input_vision
1385,720575940630745148,LPLC4,,visual_projection,interneuron
1386,720575940630749523,CB3491,WED_pr02,central,interneuron
1387,720575940630785388,JO-B,,sensory,input_wind
1388,720575940630788919,SAD064,B1,central,interneuron
1389,720575940630810486,DNg98,,descending,output
1390,720575940630816569,JO-B,,sensory,input_wind
1391,720575940630820347,JO-B,,sensory,input_wind
1392,720575940630831185,LPLC2,,visual_projection,input_vision
1393,720575940630851036,LC4,,visual_projection,interneuron
1394,720575940630903609,LPC1,,visual_projection,interneuron
1395,720575940630908589,CB2139,,central,interneuron
1396,720575940630910971,JO-B,,sensory,input_wind
1397,720575940630916347,JO-B,,sensory,input_wind
1398,720575940630925330,JO-B,,sensory,input_wind
1399,720575940630956375,CB1198,,central,interneuron
1400,720575940630960325,JO-B,,sensory,input_wind
1401,720575940630969051,JO-C,,sensory,input_wind
1402,720575940630992813,DNp36,"CL342, pIP9a",descending,output
1403,720575940630998339,LC4,,visual_projection,interneuron
1404,720575940631003589,CB3486,,central,interneuron
1405,720575940631032657,LC4,,visual_projection,interneuron
1406,720575940631091407,DNge099,,descending,output
1407,720575940631095158,LPLC2,,visual_projection,input_vision
1408,720575940631122191,DNp43,CL332,descending,output
1409,720575940631153194,CB0264,AVLP_pr23,central,interneuron
1410,720575940631156431,JO-A,,sensory,interneuron
1411,720575940631200327,AMMC-A1,A1,central,interneuron
1412,720575940631282194,DNg104,,descending,output
1413,720575940631312428,LPLC2,,visual_projection,input_vision
1414,720575940631333195,DNd05,CL124,descending,output
1415,720575940631335528,PS001,,central,interneuron
1416,720575940631338271,LC4,,visual_projection,interneuron
1417,720575940631353484,CB0261,,central,interneuron
1418,720575940631374440,PVLP026,,central,interneuron
1419,720575940631380695,LPLC2,,visual_projection,input_vision
1420,720575940631388589,CB1138,,central,interneuron
1421,720575940631397549,LPLC2,,visual_projection,input_vision
1422,720575940631399008,JO-C,,sensory,input_wind
1423,720575940631448338,JO-B,,sensory,input_wind
1424,720575940631461451,JO-B,,sensory,input_wind
1425,720575940631463495,JO-A,,sensory,interneuron
1426,720575940631469098,JO-B,,sensory,input_wind
1427,720575940631470378,JO-B,,sensory,input_wind
1428,720575940631482666,JO-C,,sensory,input_wind
1429,720575940631520312,aSP22,DNa08,descending,output
1430,720575940631543414,DNge120,,descending,output
1431,720575940631553453,CB0979,,central,interneuron
1432,720575940631579929,CB2712,,central,interneuron
1433,720575940631582751,LPLC2,,visual_projection,input_vision
1434,720575940631614924,LPC1,,visual_projection,interneuron
1435,720575940631624785,PVLP124,,central,interneuron
1436,720575940631629160,DNg47,,descending,output
1437,720575940631631564,CB1702,B1-5,central,interneuron
1438,720575940631642937,CB3114,,central,interneuron
1439,720575940631670584,JO-B,,sensory,input_wind
1440,720575940631673939,LC11,,visual_projection,interneuron
1441,720575940631693026,CB3743,,central,interneuron
1442,720575940631693354,CB0255,,central,interneuron
1443,720575940631693610,AMMC-A1,A1,central,interneuron
1444,720575940631699816,JO-B,,sensory,input_wind
1445,720575940631706107,CB1231,,central,interneuron
1446,720575940631735265,CB0956,,central,interneuron
1447,720575940631742405,LPLC2,,visual_projection,input_vision
1448,720575940631750687,JO-B,,sensory,input_wind
1449,720575940631779532,PVLP026,,central,interneuron
1450,720575940631794513,JO-B,,sensory,input_wind
1451,720575940631799343,CB1498,,central,interneuron
1452,720575940631829059,DNg09,,descending,output
1453,720575940631842360,LHAD1g1,,central,interneuron
1454,720575940631914700,CB2305,,central,interneuron
1455,720575940631915219,JO-B,,sensory,input_wind
1456,720575940631924584,CB0397,,central,interneuron
1457,720575940631968343,SAD077,,central,interneuron
1458,720575940632008109,PVLP100,,central,interneuron
1459,720575940632009167,LPLC2,,visual_projection,input_vision
1460,720575940632037260,JO-B,,sensory,input_wind
1461,720575940632043320,DNge130,,descending,output
1462,720575940632043576,DNg108,,descending,output
1463,720575940632044172,CB1455,aSP18,central,interneuron
1464,720575940632076648,Tm5f,,optic,interneuron
1465,720575940632080146,LPLC2,,visual_projection,input_vision
1466,720575940632080977,PLP163,,central,interneuron
1467,720575940632084705,CB2556,B1,central,interneuron
1468,720575940632102564,AVLP120,,central,interneuron
1469,720575940632128031,JO-EV,,sensory,interneuron
1470,720575940632129567,JO-B,,sensory,input_wind
1471,720575940632129848,LPLC2,,visual_projection,input_vision
1472,720575940632229457,JO-B,,sensory,input_wind
1473,720575940632252661,JO-C,,sensory,input_wind
1474,720575940632288815,JO-B,,sensory,input_wind
1475,720575940632297007,JO-C,,sensory,input_wind
1476,720575940632315473,JO-B,,sensory,input_wind
1477,720575940632381536,PVLP024,,central,interneuron
1478,720575940632422219,DNp38,,descending,output
1479,720575940632427603,H2,,visual_projection,interneuron
1480,720575940632466784,JO-B,,sensory,input_wind
1481,720575940632469290,CL001,,central,interneuron
1482,720575940632472850,DNpe056,PVLP146,descending,output
1483,720575940632475449,LC4,,visual_projection,interneuron
1484,720575940632499757,DNp01,"Giant_Fiber, GF",descending,hub_gf
1485,720575940632512226,LPLC2,,visual_projection,input_vision
1486,720575940632539788,DNbe001,PS103,descending,interneuron
1487,720575940632548665,LPLC4,,visual_projection,interneuron
1488,720575940632564280,LPC1,,visual_projection,interneuron
1489,720575940632574946,DNge113,,descending,output
1490,720575940632602316,CB1038,,central,interneuron
1491,720575940632618700,JO-B,,sensory,input_wind
1492,720575940632679341,CB3114,,central,interneuron
1493,720575940632692378,JO-B,,sensory,input_wind
1494,720575940632703388,WED161,,central,interneuron
1495,720575940632704173,CL118,aDT5a,central,interneuron
1496,720575940632711052,LPLC2,,visual_projection,input_vision
1497,720575940632713759,CB3640,,central,interneuron
1498,720575940632715234,LC4,,visual_projection,interneuron
1499,720575940632717988,JO-C,,sensory,input_wind
1500,720575940632736825,CL038,,central,interneuron
1501,720575940632769180,LC4,,visual_projection,interneuron
1502,720575940632777124,LPLC2,,visual_projection,input_vision
1503,720575940632779932,LPLC2,,visual_projection,input_vision
1504,720575940632807193,AVLP370a,AVLP370,central,interneuron
1505,720575940632821352,Li28,,optic,interneuron
1506,720575940632829507,CB1702,B1,central,interneuron
1507,720575940632830568,AVLP094,,central,interneuron
1508,720575940632945177,CB3878,WV-WV-3,central,interneuron
1509,720575940632985261,CB0307,,central,interneuron
1510,720575940632998136,CB3491,WED_pr02,central,interneuron
1511,720575940633007953,LMa1,,optic,interneuron
1512,720575940633013355,LC4,,visual_projection,interneuron
1513,720575940633030882,CL308,,central,interneuron
1514,720575940633040097,CB1969,SAD_pr02,central,interneuron
1515,720575940633044634,CB3245,WED_pr02,central,interneuron
1516,720575940633095137,DNp71,DNp09,descending,output
1517,720575940633123539,SAD072,,central,interneuron
1518,720575940633176749,LPLC4,,visual_projection,interneuron
1519,720575940633186530,PVLP123b,PVLP123,central,interneuron
1520,720575940633201223,LC14a1,LC14,optic,interneuron
1521,720575940633203783,CL038,,central,interneuron
1522,720575940633218863,LC4,,visual_projection,interneuron
1523,720575940633223052,CB3552,,central,interneuron
1524,720575940633237785,AVLP093,,central,interneuron
1525,720575940633301217,JO-B,,sensory,input_wind
1526,720575940633305681,Li30,,optic,interneuron
1527,720575940633350812,AVLP531,,central,interneuron
1528,720575940633397023,SAD064,,central,interneuron
1529,720575940633401199,CB1538,,central,interneuron
1530,720575940633471583,LC14a1,LC14,optic,interneuron
1531,720575940633483444,CB1538,,central,interneuron
1532,720575940633524443,JO-B,,sensory,input_wind
1533,720575940633552685,LPLC2,,visual_projection,input_vision
1534,720575940633567900,CB3879,,central,interneuron
1535,720575940633580384,LC4,,visual_projection,interneuron
1536,720575940633588320,LPLC2,,visual_projection,input_vision
1537,720575940633589855,CB3870,,central,interneuron
1538,720575940633714402,CB1816,,central,interneuron
1539,720575940633727339,DNa07,,descending,output
1540,720575940633746515,PVLP015,,central,interneuron
1541,720575940633910452,LTe66,PS273,visual_projection,interneuron
1542,720575940633973587,LPC1,,visual_projection,interneuron
1543,720575940633996883,DNge136,,descending,output
1544,720575940634026925,CL022,,central,interneuron
1545,720575940634037439,PVLP123a,PVLP123,central,interneuron
1546,720575940634062803,LT51,aSP29b,visual_projection,interneuron
1547,720575940634086169,CB0659,hb2099569065,central,interneuron
1548,720575940634141596,CL316,,central,interneuron
1549,720575940634146967,LPLC2,,visual_projection,input_vision
1550,720575940634170975,LPC1,,visual_projection,interneuron
1551,720575940634178656,JO-B,,sensory,input_wind
1552,720575940634179320,LPLC4,,visual_projection,interneuron
1553,720575940634207087,DNg09,,descending,interneuron
1554,720575940634223514,LPLC4,,visual_projection,interneuron
1555,720575940634229399,JO-B,,sensory,input_wind
1556,720575940634257564,JO-B,,sensory,input_wind
1557,720575940634261172,CL121_a,"CL121, aDT5a",central,interneuron
1558,720575940634269977,Tm36,,optic,interneuron
1559,720575940634299071,CB3245,,central,interneuron
1560,720575940634317724,CB1498,AVLP/PVLP_pr01,central,interneuron
1561,720575940634370751,CB3879,,central,interneuron
1562,720575940634453093,CB1066,,central,interneuron
1563,720575940634458719,DNpe056,PVLP146,descending,output
1564,720575940634484581,CB2186,AVLP349,central,interneuron
1565,720575940634517856,LC4,,visual_projection,interneuron
1566,720575940634548660,LPC1,,visual_projection,interneuron
1567,720575940634559339,LPLC4,,visual_projection,interneuron
1568,720575940634571383,CB3914,WV-WV-2,central,interneuron
1569,720575940634599792,CB2153,B1-5,central,interneuron
1570,720575940634606693,CB2556,B1,central,interneuron
1571,720575940634609115,JO-C,,sensory,input_wind
1572,720575940634617952,DNg57,,descending,output
1573,720575940634631342,CB2228,,central,interneuron
1574,720575940634646753,AVLP258,,central,interneuron
1575,720575940634676916,CB0766,PVLP071,central,interneuron
1576,720575940634700980,LPLC2,,visual_projection,input_vision
1577,720575940634701407,CB2789,B1,central,interneuron
1578,720575940634763877,LTe65,PS179,visual_projection,interneuron
1579,720575940634775706,JO-B,,sensory,input_wind
1580,720575940634781594,JO-B,,sensory,input_wind
1581,720575940634790648,PLP060,,central,interneuron
1582,720575940634823449,PVLP021,,central,interneuron
1583,720575940634830175,JO-B,,sensory,input_wind
1584,720575940634839964,LPLC4,,visual_projection,interneuron
1585,720575940634877850,CB1076,B1-5,central,interneuron
1586,720575940634892389,JO-B,,sensory,input_wind
1587,720575940634903800,LPLC4,,visual_projection,interneuron
1588,720575940635004271,LPLC2,,visual_projection,input_vision
1589,720575940635005295,LPC1,,visual_projection,interneuron
1590,720575940635014807,LC14a1,LC14,optic,interneuron
1591,720575940635028591,PVLP137,,central,interneuron
1592,720575940635040357,LPLC2,,visual_projection,input_vision
1593,720575940635047672,PVLP122a,PVLP122,central,interneuron
1594,720575940635075726,CB3743,,central,interneuron
1595,720575940635078239,JO-B,,sensory,input_wind
1596,720575940635116569,CB2940,,central,interneuron
1597,720575940635119723,LHAD1g1,,central,interneuron
1598,720575940635217144,JO-B,,sensory,input_wind
1599,720575940635234478,LPLC2,,visual_projection,input_vision
1600,720575940635237727,JO-B,,sensory,input_wind
1601,720575940635278455,JO-B,,sensory,input_wind
1602,720575940635282910,CB1280,B1-4,central,interneuron
1603,720575940635285599,JO-C,,sensory,input_wind
1604,720575940635307639,LPLC2,,visual_projection,input_vision
1605,720575940635330204,CB3882,WV-WV-1,central,interneuron
1606,720575940635345271,JO-B,,sensory,input_wind
1607,720575940635497311,LPLC4,,visual_projection,interneuron
1608,720575940635516084,LPLC2,,visual_projection,input_vision
1609,720575940635547802,PS234,,central,interneuron
1610,720575940635552948,DNpe037,CL338,descending,output
1611,720575940635572592,LPLC2,,visual_projection,input_vision
1612,720575940635587064,DNg51,,descending,interneuron
1613,720575940635587576,CB1231,,central,interneuron
1614,720575940635732916,JO-B,,sensory,input_wind
1615,720575940635733172,CB2034,aSP18,central,interneuron
1616,720575940635835967,LC4,,visual_projection,interneuron
1617,720575940635872101,DNp09,,descending,output
1618,720575940635917966,CL128a,CL128,central,interneuron
1619,720575940635967886,AVLP340,,central,interneuron
1620,720575940635968398,PVLP100,,central,interneuron
1621,720575940635973989,JO-B,,sensory,input_wind
1622,720575940635981742,SAD021_a,,central,interneuron
1623,720575940636050606,CB1066,,central,interneuron
1624,720575940636151871,PVLP111,pIP7,central,interneuron
1625,720575940636265188,CB2585,pIP13,central,interneuron
1626,720575940636276336,JO-B,,sensory,input_wind
1627,720575940636280809,LCe07,,visual_projection,interneuron
1628,720575940636295019,LPLC2,,visual_projection,input_vision
1629,720575940636418740,LPLC4,,visual_projection,interneuron
1630,720575940636425584,JO-B,,sensory,input_wind
1631,720575940636488667,JO-B,,sensory,input_wind
1632,720575940636523866,LPLC4,,visual_projection,interneuron
1633,720575940636529520,LPLC2,,visual_projection,input_vision
1634,720575940636537663,JO-B,,sensory,input_wind
1635,720575940636539102,LPLC2,,visual_projection,input_vision
1636,720575940636656632,DNg74_b,,descending,output
1637,720575940636679989,CB1078,"B1-2, aPN1",central,interneuron
1638,720575940636700272,CB3707,SAD073,central,interneuron
1639,720575940636704357,AVLP396,,central,interneuron
1640,720575940636772698,CB3743,,central,interneuron
1641,720575940636789360,CB1717,,central,interneuron
1642,720575940636878682,LPLC2,,visual_projection,input_vision
1643,720575940636898270,DNge145,,descending,interneuron
1644,720575940636950505,LPLC2,,visual_projection,input_vision
1645,720575940636957006,LC4,,visual_projection,interneuron
1646,720575940636990005,JO-B,,sensory,input_wind
1647,720575940636999401,LPLC2,,visual_projection,input_vision
1648,720575940637023966,CB1138,,central,interneuron
1649,720575940637064926,LC31b,LC31,visual_projection,interneuron
1650,720575940637088602,LPLC2,,visual_projection,input_vision
1651,720575940637130566,CB2440,,central,interneuron
1652,720575940637153648,JO-C,,sensory,input_wind
1653,720575940637197710,SAD049,,central,interneuron
1654,720575940637316727,WED161,,central,interneuron
1655,720575940637341668,DNpe045,DNp23,descending,output
1656,720575940637377764,AVLP263,,central,interneuron
1657,720575940637418549,JO-A,,sensory,interneuron
1658,720575940637458997,CB3682,,central,interneuron
1659,720575940637471039,SAD014,,central,interneuron
1660,720575940637561919,CB0956,,central,interneuron
1661,720575940637603038,DNge038,,descending,output
1662,720575940637612095,JO-B,,sensory,input_wind
1663,720575940637630783,JO-B,,sensory,input_wind
1664,720575940637662697,CB0750,,motor,output
1665,720575940637663662,CB2664,B1-4,central,interneuron
1666,720575940637702222,LPLC2,,visual_projection,input_vision
1667,720575940637813220,JO-B,,sensory,input_wind
1668,720575940637850542,LPLC4,,visual_projection,interneuron
1669,720575940637901540,LPLC4,,visual_projection,interneuron
1670,720575940637919295,JO-B,,sensory,input_wind
1671,720575940637919551,JO-B,,sensory,input_wind
1672,720575940637958709,LPLC2,,visual_projection,input_vision
1673,720575940638019184,DNge145,,descending,interneuron
1674,720575940638081855,JO-B,,sensory,input_wind
1675,720575940638091839,CB3207,,central,interneuron
1676,720575940638149865,CB1231,,central,interneuron
1677,720575940638191679,JO-B,,sensory,input_wind
1678,720575940638202320,CB1206,"WED-VLP-2, aIP5",central,interneuron
1679,720575940638204132,DNge053,,descending,output
1680,720575940638209085,SAD011,SAD019,central,interneuron
1681,720575940638256949,JO-A,,sensory,interneuron
1682,720575940638338281,LPLC4,,visual_projection,interneuron
1683,720575940638364750,CB0956,,central,interneuron
1684,720575940638456227,LC4,,visual_projection,interneuron
1685,720575940638496720,LC4,,visual_projection,interneuron
1686,720575940638556998,JO-B,,sensory,input_wind
1687,720575940638603709,PVLP022,,central,interneuron
1688,720575940638626118,LPLC2,,visual_projection,input_vision
1689,720575940638636533,JO-B,,sensory,input_wind
1690,720575940638642776,LC14a1,LC14,optic,interneuron
1691,720575940638680654,CB0956,,central,interneuron
1692,720575940638742249,LTe29,,visual_projection,interneuron
1693,720575940638811507,JO-B,,sensory,input_wind
1694,720575940638835288,LPLC2,,visual_projection,input_vision
1695,720575940638857048,LPLC2,,visual_projection,input_vision
1696,720575940638900713,PVLP011,,central,interneuron
1697,720575940638910040,PVLP151,,central,interneuron
1698,720575940638922624,LPLC2,,visual_projection,input_vision
1699,720575940639019839,AVLP547b,AVLP547,central,interneuron
1700,720575940639049560,JO-B,,sensory,input_wind
1701,720575940639109795,LPLC2,,visual_projection,input_vision
1702,720575940639118926,DNg24,,descending,interneuron
1703,720575940639128646,LC31c,LC31,visual_projection,interneuron
1704,720575940639145550,JO-B,,sensory,input_wind
1705,720575940639152361,DNg84,,descending,output
1706,720575940639159797,DNg51,,descending,interneuron
1707,720575940639177449,LPLC2,,visual_projection,input_vision
1708,720575940639205198,CB2153,B1-5,central,interneuron
1709,720575940639241279,CB2664,B1-4,central,interneuron
1710,720575940639268771,CB0432,,central,interneuron
1711,720575940639338099,LPLC4,,visual_projection,interneuron
1712,720575940639375182,JO-A,,sensory,interneuron
1713,720575940639397747,JO-B,,sensory,input_wind
1714,720575940639405683,JO-C,,sensory,input_wind
1715,720575940639405912,JO-B,,sensory,input_wind
1716,720575940639428174,DNp23,,descending,output
1717,720575940639436021,SAD023,,central,interneuron
1718,720575940639591246,CB1038,,central,interneuron
1719,720575940639625635,CB1145,,central,interneuron
1720,720575940639649152,JO-B,,sensory,input_wind
1721,720575940639715024,CB2380,aLN/al,central,interneuron
1722,720575940639726141,DNge035,,descending,output
1723,720575940639742627,JO-A,,sensory,interneuron
1724,720575940639745085,JO-B,,sensory,input_wind
1725,720575940639768053,LTe66,PS273,visual_projection,interneuron
1726,720575940639789475,DNp64,CL137,descending,output
1727,720575940639803453,JO-B,,sensory,input_wind
1728,720575940639811469,CB3877,WV-WV-3,central,interneuron
1729,720575940639817947,LC4,,visual_projection,interneuron
1730,720575940639826304,JO-B,,sensory,input_wind
1731,720575940639878352,LPLC2,,visual_projection,input_vision
1732,720575940639884878,LPLC2,,visual_projection,input_vision
1733,720575940639895003,LPLC2,,visual_projection,input_vision
1734,720575940639970392,JO-B,,sensory,input_wind
1735,720575940640064573,LC14a1,LC14,optic,interneuron
1736,720575940640130432,JO-B,,sensory,input_wind
1737,720575940640147152,CB1638,,central,interneuron
1738,720575940640168637,CB0540,,central,interneuron
1739,720575940640169947,JO-B,,sensory,input_wind
1740,720575940640172221,CL323a,CL323,central,interneuron
1741,720575940640254552,LPLC4,,visual_projection,interneuron
1742,720575940640302389,LPLC2,,visual_projection,input_vision
1743,720575940640353333,LPLC4,,visual_projection,interneuron
1744,720575940640507763,SAD021_a,,central,interneuron
1745,720575940640510427,LPLC2,,visual_projection,input_vision
1746,720575940640521304,CB2254,,central,interneuron
1747,720575940640591861,JO-FDA,,sensory,interneuron
1748,720575940640597237,SAD014,,central,interneuron
1749,720575940640612480,LC4,,visual_projection,interneuron
1750,720575940640625280,LPLC4,,visual_projection,interneuron
1751,720575940640628432,LPC1,,visual_projection,interneuron
1752,720575940640817204,JO-B,,sensory,input_wind
1753,720575940640820788,JO-B,,sensory,input_wind
1754,720575940640834211,PVLP011,,central,interneuron
1755,720575940640836660,JO-B,,sensory,input_wind
1756,720575940640841268,JO-B,,sensory,input_wind
1757,720575940640843316,JO-B,,sensory,input_wind
1758,720575940640926627,CB3513a,,central,interneuron
1759,720575940640936411,CB1538,,central,interneuron
1760,720575940640978048,DNg100,,descending,output
1761,720575940640993664,CB3207,,central,interneuron
1762,720575940641096144,LC31c,LC31,visual_projection,interneuron
1763,720575940641148149,DNp42,,descending,output
1764,720575940641173632,DNp69,CL304,descending,output
1765,720575940641211520,CB3921,,central,interneuron
1766,720575940641213824,LC4,,visual_projection,interneuron
1767,720575940641216976,LPLC4,,visual_projection,interneuron
1768,720575940641227136,LPLC4,,visual_projection,interneuron
1769,720575940641278965,DNp43,CL332,descending,output
1770,720575940641305229,DNg02_d,,descending,output
1771,720575940641396078,JO-B,,sensory,input_wind
1772,720575940641464309,SAD013,,central,interneuron
1773,720575940641511888,LPLC4,,visual_projection,interneuron
1774,720575940641552347,LPLC2,,visual_projection,input_vision
1775,720575940641627099,CB1455,aSP18,central,interneuron
1776,720575940641704656,LPLC2,,visual_projection,input_vision
1777,720575940642108557,JO-B,,sensory,input_wind
1778,720575940642123917,JO-B,,sensory,input_wind
1779,720575940642181005,LPLC4,,visual_projection,interneuron
1780,720575940642397128,LPLC2,,visual_projection,input_vision
1781,720575940642414837,LPLC2,,visual_projection,input_vision
1782,720575940642414989,JO-B,,sensory,input_wind
1783,720575940642422157,AN_multi_8,,ascending,interneuron
1784,720575940642428557,CB1038,,central,interneuron
1785,720575940642442893,JO-B,,sensory,input_wind
1786,720575940642474637,CB2576,,central,interneuron
1787,720575940642582039,JO-C,,sensory,input_wind
1788,720575940642897312,JO-B,,sensory,input_wind
1789,720575940642943176,SAD015,SAD018,central,interneuron
1790,720575940643259277,CB0214,,central,interneuron
1791,720575940643347616,DNp55,WED180,descending,output
1792,720575940643418990,JO-B,,sensory,input_wind
1793,720575940643439816,CB0414,,central,interneuron
1794,720575940643740964,LPLC2,,visual_projection,input_vision
1795,720575940643744968,CB0986,,central,interneuron
1796,720575940643746084,LLPC2,"LLPC2a, LLPC2b, LLPC2c, LLPC2d",visual_projection,interneuron
1797,720575940643791304,JO-B,,sensory,input_wind
1798,720575940643795492,,,central,interneuron
1799,720575940643888584,JO-B,,sensory,input_wind
1800,720575940643889608,,,central,interneuron
1801,720575940643912608,JO-B,,sensory,input_wind
1802,720575940644057635,JO-B,,sensory,input_wind
1803,720575940644096712,AN_GNG_AMMC_1,,ascending,interneuron
1804,720575940644279319,DNpe028,IB046,descending,output
1805,720575940644400675,CB3715,,central,interneuron
1806,720575940644447511,CB1638,,central,interneuron
1807,720575940644465568,LTe20,,visual_projection,interneuron
1808,720575940644473760,DNg84,,descending,output
1809,720575940644488727,CB0104,SAD_pr01,central,interneuron
1810,720575940644532078,LPC1,,visual_projection,interneuron
1811,720575940644635172,JO-B,,sensory,input_wind
1812,720575940644968302,CB0264,,central,interneuron
1813,720575940645085975,JO-B,,sensory,input_wind
1814,720575940645086999,JO-B,,sensory,input_wind
1815,720575940645087511,JO-B,,sensory,input_wind
1816,720575940645089559,JO-B,,sensory,input_wind
1817,720575940645180196,LPLC2,,visual_projection,input_vision
1818,720575940645258606,DNp59,CL247,descending,interneuron
1819,720575940645328436,LPLC2,,visual_projection,input_vision
1820,720575940645336100,LPLC4,,visual_projection,interneuron
1821,720575940645404695,AVLP430,,central,interneuron
1822,720575940645407268,LPLC2,,visual_projection,input_vision
1823,720575940645539694,JO-B,,sensory,input_wind
1824,720575940645556334,DNg81,,descending,output
1825,720575940645699124,LPLC2,,visual_projection,input_vision
1826,720575940645739044,SAD080,,central,interneuron
1827,720575940645821316,LC4,,visual_projection,interneuron
1828,720575940645888547,Y11,,optic,interneuron
1829,720575940646032931,AMMC028,,central,interneuron
1830,720575940646056500,CB2067,,central,interneuron
1831,720575940646225204,AVLP259,,central,interneuron
1832,720575940646341486,CB3673,B1,central,interneuron
1833,720575940646362403,JO-B,,sensory,input_wind
1834,720575940646400644,CB2153,B1-5,central,interneuron
1835,720575940646414132,LPLC4,,visual_projection,interneuron
1836,720575940646521198,CB0591,,central,interneuron
1837,720575940646735668,JO-C,,sensory,input_wind
1838,720575940647029044,DNg105,,descending,output
1839,720575940647100548,CB1038,,central,interneuron
1840,720575940647358243,LPLC2,,visual_projection,input_vision
1841,720575940647369507,LPLC2,,visual_projection,input_vision
1842,720575940647441955,CB1038,,central,interneuron
1843,720575940647586948,DNge050,,descending,output
1844,720575940647606660,CB3024,,central,interneuron
1845,720575940647952948,SAD013,,central,interneuron
1846,720575940647966260,PVLP024,,central,interneuron
1847,720575940648418425,LPLC2,,visual_projection,input_vision
1848,720575940649120121,CB3480,,central,interneuron
1849,720575940649229433,LC4,,visual_projection,interneuron
1850,720575940649809273,DNg56,,descending,output
1851,720575940651421686,LPLC4,,visual_projection,interneuron
1852,720575940651593974,CB1538,,central,interneuron
1853,720575940651833078,CB2917,,central,interneuron
1854,720575940652554657,PLP163,,central,interneuron
1855,720575940652611745,LC4,,visual_projection,interneuron
1856,720575940652813217,CB2380,aLN/al,central,interneuron
1857,720575940653172726,LPLC4,,visual_projection,interneuron
1858,720575940653346038,CL309,,central,interneuron
1859,720575940653666465,LPLC2,,visual_projection,input_vision
1860,720575940653703841,PVLP112b,PVLP112,central,interneuron
1861,720575940653742753,LPLC2,,visual_projection,input_vision
1862,720575940654117025,CB1425,B1-3,central,interneuron
1863,720575940654401441,CB1314,,central,interneuron
1864,720575940655750305,LPLC2,,visual_projection,input_vision
1865,720575940658702977,CB2472,,central,interneuron
1866,720575940659193985,LPC1,,visual_projection,interneuron
1867,720575940660051073,CL140,,central,interneuron
1868,720575940660314241,CB1948,WED_pr02,central,interneuron
1869,720575940661089921,PLP209,,central,interneuron
1870,720575940661316993,LPLC2,,visual_projection,input_vision
